-- phpMyAdmin SQL Dump
-- version 4.9.2
-- https://www.phpmyadmin.net/
--
-- Хост: 127.0.0.1
-- Время создания: Май 16 2021 г., 20:11
-- Версия сервера: 10.4.10-MariaDB
-- Версия PHP: 7.3.12

SET SQL_MODE = "NO_AUTO_VALUE_ON_ZERO";
SET AUTOCOMMIT = 0;
START TRANSACTION;
SET time_zone = "+00:00";


/*!40101 SET @OLD_CHARACTER_SET_CLIENT=@@CHARACTER_SET_CLIENT */;
/*!40101 SET @OLD_CHARACTER_SET_RESULTS=@@CHARACTER_SET_RESULTS */;
/*!40101 SET @OLD_COLLATION_CONNECTION=@@COLLATION_CONNECTION */;
/*!40101 SET NAMES utf8mb4 */;

--
-- База данных: `shavittrikz`
--

DELIMITER $$
--
-- Функции
--
CREATE DEFINER=`root`@`localhost` FUNCTION `GetRecordPoints` (`rstyle` INT, `rtrack` INT, `rtime` FLOAT, `rmap` VARCHAR(128), `pointspertier` FLOAT, `stylemultiplier` FLOAT) RETURNS FLOAT READS SQL DATA
BEGIN DECLARE pwr, ppoints FLOAT DEFAULT 0.0; DECLARE ptier INT DEFAULT 1; SELECT tier FROM maptiers WHERE map = rmap INTO ptier; SELECT MIN(time) FROM playertimes WHERE map = rmap AND style = rstyle AND track = rtrack INTO pwr; IF rtrack > 0 THEN SET ptier = 1; END IF; SET ppoints = ((pointspertier * ptier) * 1.5) + (pwr / 15.0); IF rtime > pwr THEN SET ppoints = ppoints * (pwr / rtime); END IF; SET ppoints = ppoints * stylemultiplier; IF rtrack > 0 THEN SET ppoints = ppoints * 0.25; END IF; RETURN ppoints; END$$

CREATE DEFINER=`root`@`localhost` FUNCTION `GetWeightedPoints` (`steamid` INT) RETURNS FLOAT READS SQL DATA
BEGIN DECLARE p FLOAT; DECLARE total FLOAT DEFAULT 0.0; DECLARE mult FLOAT DEFAULT 1.0; DECLARE done INT DEFAULT 0; DECLARE cur CURSOR FOR SELECT points FROM playertimes WHERE (auth = steamid OR partner = steamid) AND points > 0.0 ORDER BY points DESC; DECLARE CONTINUE HANDLER FOR NOT FOUND SET done = 1; OPEN cur; iter: LOOP FETCH cur INTO p; IF done THEN LEAVE iter; END IF; SET total = total + (p * mult); SET mult = mult * 0.975000; END LOOP; CLOSE cur; RETURN total; END$$

DELIMITER ;

-- --------------------------------------------------------

--
-- Структура таблицы `chat`
--

CREATE TABLE `chat` (
  `auth` int(11) NOT NULL,
  `name` int(11) NOT NULL DEFAULT 0,
  `ccname` varchar(128) CHARACTER SET utf8mb4 COLLATE utf8mb4_unicode_ci DEFAULT NULL,
  `message` int(11) NOT NULL DEFAULT 0,
  `ccmessage` varchar(16) CHARACTER SET utf8mb4 COLLATE utf8mb4_unicode_ci DEFAULT NULL
) ENGINE=InnoDB DEFAULT CHARSET=utf8mb4;

-- --------------------------------------------------------

--
-- Структура таблицы `maptiers`
--

CREATE TABLE `maptiers` (
  `map` varchar(128) NOT NULL,
  `tier` int(11) NOT NULL DEFAULT 1
) ENGINE=InnoDB DEFAULT CHARSET=utf8mb4;

--
-- Дамп данных таблицы `maptiers`
--

INSERT INTO `maptiers` (`map`, `tier`) VALUES
('trikzz_randomtestt', 1),
('trikz_2_hard', 1),
('trikz_absinthe', 1),
('trikz_abuze_v2', 1),
('trikz_addict_final', 1),
('trikz_advanced', 1),
('trikz_advenced', 1),
('trikz_adventure', 2),
('trikz_affinity', 3),
('trikz_ahorma', 1),
('trikz_alpha', 3),
('trikz_alteria_final', 1),
('trikz_angell', 1),
('trikz_aportal', 5),
('trikz_approximatif', 1),
('trikz_aroundtheworld_v3', 1),
('trikz_asdfsda_final', 2),
('trikz_asux', 1),
('trikz_aura', 6),
('trikz_autist', 3),
('trikz_bars', 1),
('trikz_bbdd', 5),
('trikz_bignstrong', 4),
('trikz_blue', 3),
('trikz_bop', 6),
('trikz_brink', 4),
('trikz_brisingr', 1),
('trikz_clarity', 5),
('trikz_colors', 2),
('trikz_colors_noblack3', 2),
('trikz_concret', 1),
('trikz_cool', 2),
('trikz_coop_mini', 1),
('trikz_cosmos_fix', 6),
('trikz_cyrus', 2),
('trikz_daemon', 1),
('trikz_dawn', 6),
('trikz_deserted_v2', 1),
('trikz_desert_b7', 2),
('trikz_devision', 2),
('trikz_dev_final', 1),
('trikz_diversity_final', 4),
('trikz_dream', 6),
('trikz_e1m', 1),
('trikz_eonia', 2),
('trikz_eternity', 6),
('trikz_ethereal', 6),
('trikz_ethereal2', 6),
('trikz_expertzone', 5),
('trikz_exssses', 3),
('trikz_extra', 2),
('trikz_extreme_final', 1),
('trikz_factory_v3', 1),
('trikz_failtime', 2),
('trikz_fapfap', 2),
('trikz_firsttime', 2),
('trikz_forfun', 2),
('trikz_foryou_b4', 1),
('trikz_fpsgamerz_banana_v2', 1),
('trikz_go', 2),
('trikz_green', 6),
('trikz_greg', 2),
('trikz_hammer', 2),
('trikz_hooC_b', 5),
('trikz_howtodo', 1),
('trikz_insanity', 2),
('trikz_insomnia', 6),
('trikz_inspaire', 6),
('trikz_invincible_b2', 2),
('trikz_krepix', 4),
('trikz_kyoto_final', 4),
('trikz_kyoto_fix', 4),
('trikz_l33t', 1),
('trikz_learn', 1),
('trikz_learn_hard', 1),
('trikz_legends_b1', 2),
('trikz_lego_fix', 6),
('trikz_lizawhorez_fix', 5),
('trikz_lucky', 5),
('trikz_measuregeneric', 3),
('trikz_measuregeneric2', 6),
('trikz_mh', 2),
('trikz_milk_final', 1),
('trikz_minecraft', 2),
('trikz_mom', 1),
('trikz_move', 2),
('trikz_myinstyle', 6),
('trikz_newmap', 1),
('trikz_noflash', 3),
('trikz_noxious', 1),
('trikz_ocean', 4),
('trikz_oof', 1),
('trikz_overdriver', 1),
('trikz_p4p3r', 6),
('trikz_penguin', 2),
('trikz_penguin_fix', 2),
('trikz_pentrix', 1),
('trikz_pewpew', 3),
('trikz_pharaohs_tomb', 5),
('trikz_portal2', 3),
('trikz_portal_final', 1),
('trikz_proud', 2),
('trikz_pure', 6),
('trikz_pure_fix', 6),
('trikz_randomraider_fix', 2),
('trikz_reality', 6),
('trikz_research_laboratories', 3),
('trikz_revolution_final', 1),
('trikz_sakura_final', 5),
('trikz_shinsekai_final', 4),
('trikz_shokirlegend', 5),
('trikz_short', 1),
('trikz_shutthefuckup', 1),
('trikz_simplicity', 3),
('trikz_simplicity2', 3),
('trikz_skyway_fixed', 3),
('trikz_smile', 4),
('trikz_soft', 2),
('trikz_someday', 4),
('trikz_speed', 1),
('trikz_suicidal', 1),
('trikz_suicidal_final', 6),
('trikz_sun', 2),
('trikz_tanyaisawhore', 2),
('trikz_tintin', 2),
('trikz_unorthodox', 3),
('trikz_victory', 5),
('trikz_vintage_final', 3),
('trikz_visuals', 1),
('trikz_vpizdu', 1);

-- --------------------------------------------------------

--
-- Структура таблицы `mapzones`
--

CREATE TABLE `mapzones` (
  `id` int(11) NOT NULL,
  `map` varchar(128) DEFAULT NULL,
  `type` int(11) DEFAULT NULL,
  `corner1_x` float DEFAULT NULL,
  `corner1_y` float DEFAULT NULL,
  `corner1_z` float DEFAULT NULL,
  `corner2_x` float DEFAULT NULL,
  `corner2_y` float DEFAULT NULL,
  `corner2_z` float DEFAULT NULL,
  `destination_x` float NOT NULL DEFAULT 0,
  `destination_y` float NOT NULL DEFAULT 0,
  `destination_z` float NOT NULL DEFAULT 0,
  `track` int(11) NOT NULL DEFAULT 0,
  `flags` int(11) NOT NULL DEFAULT 0,
  `data` int(11) NOT NULL DEFAULT 0
) ENGINE=InnoDB DEFAULT CHARSET=utf8mb4;

--
-- Дамп данных таблицы `mapzones`
--

INSERT INTO `mapzones` (`id`, `map`, `type`, `corner1_x`, `corner1_y`, `corner1_z`, `corner2_x`, `corner2_y`, `corner2_z`, `destination_x`, `destination_y`, `destination_z`, `track`, `flags`, `data`) VALUES
(1, 'trikz_cyrus', 0, 5010, 7088, 5.031, 5746, 6600, 132.031, 0, 0, 0, 0, 0, 0),
(2, 'trikz_cyrus', 1, -1004, 2068, -2920.97, 492, 3564, -2793.97, 0, 0, 0, 0, 0, 0),
(3, 'trikz_cyrus', 0, -11794, 535, -395.993, -11306, -89, -268.467, 0, 0, 0, 2, 0, 0),
(4, 'trikz_cyrus', 3, -11794, 551, -395.144, -11306, 646, -268.467, 0, 0, 0, 2, 0, 0),
(5, 'trikz_cyrus', 1, -1004, 3564, -2920.97, 492, 2068, -2793.97, 0, 0, 0, 2, 0, 0),
(6, 'trikz_cyrus', 0, -6248, 7440, -1518.97, -5768, 7712, -1391.97, 0, 0, 0, 4, 0, 0),
(7, 'trikz_cyrus', 1, -10520, 11029, -1518.97, -10156, 10248, -1391.97, 0, 0, 0, 4, 0, 0),
(8, 'trikz_milk_final', 0, -411, 7876, -1190.47, 81, 7396, -1063.47, 0, 0, 0, 0, 0, 0),
(9, 'trikz_milk_final', 1, 1008, 9465, -1759.47, 704, 10378, -1632.47, 0, 0, 0, 0, 0, 0),
(10, 'trikz_affinity', 0, 544, 32, 129.031, 240, 336, 256.031, 0, 0, 0, 0, 0, 0),
(11, 'trikz_affinity', 1, 3183, 2247, 2979.03, 3505, 1925, 3106.03, 0, 0, 0, 0, 0, 0),
(12, 'trikz_affinity', 0, -635, 1009, 3041.03, -987, 1297, 3168.03, 0, 0, 0, 4, 0, 0),
(13, 'trikz_affinity', 1, -602, 1281, 3169.03, -107, 929, 3296.03, 0, 0, 0, 4, 0, 0),
(14, 'trikz_adventure', 0, 232, 132, 65.031, -232, -194, 192.031, 0, 0, 0, 0, 0, 0),
(15, 'trikz_adventure', 1, -16106, 9170, 2135.03, -13803, 10506, 2262.03, 0, 0, 0, 0, 0, 0),
(16, 'trikz_advanced', 0, 496, -144, -382.968, 368, -272, -255.968, 0, 0, 0, 0, 0, 0),
(17, 'trikz_advanced', 1, -3120, -5946, -378.968, -1482, -4028, -251.968, 0, 0, 0, 0, 0, 0),
(18, 'trikz_advanced', 0, -1152, -6008, 709.031, -1216, -5952, 836.031, 0, 0, 0, 4, 0, 0),
(19, 'trikz_advanced', 1, -5696, 880, -365.968, -5240, 488, -238.968, 0, 0, 0, 4, 0, 0),
(20, 'trikz_asdfsda_final', 0, -5176, 7120, 9.031, -5712, 6648, 136.031, 0, 0, 0, 0, 0, 0),
(21, 'trikz_asdfsda_final', 1, 6744, 11253, 641.031, 7208, 11989, 768.031, 0, 0, 0, 0, 0, 0),
(22, 'trikz_autist', 0, -14864, 384, 65.03, -15472, 752, 192.031, 0, 0, 0, 0, 0, 0),
(23, 'trikz_autist', 1, -834, 6703, 577.031, -573, 7090, 704.031, 0, 0, 0, 0, 0, 0),
(24, 'trikz_bbdd', 0, 432, 928, 81.031, -224, 432, 208.031, 0, 0, 0, 0, 0, 0),
(25, 'trikz_bbdd', 1, 5792, -1152, -1342.97, 5376, -912, -1215.97, 0, 0, 0, 0, 0, 0),
(26, 'trikz_bbdd', 0, -1760, -12720, -1262.97, -1600, -13488, -1135.97, 0, 0, 0, 4, 0, 0),
(27, 'trikz_bbdd', 1, -4688, -1248, -1262.97, -3888, -1408, -1135.97, 0, 0, 0, 4, 0, 0),
(28, 'trikz_bignstrong', 0, -15344, -15344, 193.031, -14480, -14482, 320.031, 0, 0, 0, 0, 0, 0),
(29, 'trikz_bignstrong', 1, 10096, -4400, -5482.97, 7440, -1808, -5355.97, 0, 0, 0, 0, 0, 0),
(30, 'trikz_blue', 0, -8488, 11626, -905.968, -8120, 10890, -778.968, 0, 0, 0, 0, 0, 0),
(31, 'trikz_blue', 1, -10963, 10816, 2945.03, -10035, 11744, 3072.03, 0, 0, 0, 0, 0, 0),
(32, 'trikz_blue', 0, -405, 1888, 341.031, 331, 2624, 468.031, 0, 0, 0, 2, 0, 0),
(33, 'trikz_blue', 1, -10963, 10816, 2945.03, -10035, 11744, 3072.03, 0, 0, 0, 2, 0, 0),
(34, 'trikz_blue', 0, 3464, -4898, -4858.97, 3736, -5554, -4731.97, 0, 0, 0, 4, 0, 0),
(36, 'trikz_blue', 1, 14832, -8562, -8157.86, 14128, -8898, -8030.86, 0, 0, 0, 4, 0, 0),
(37, 'trikz_blue', 3, -10963, 10816, 3073.03, -10035, 11744, 3200.03, 0, 0, 0, 4, 0, 0),
(39, 'trikz_blue', 3, 3448, -4898, -4858.97, 3400, -5554, -4731.97, 0, 0, 0, 4, 0, 0),
(40, 'trikz_brink', 0, -15312, 13680, 1.031, -14720, 13904, 128.031, 0, 0, 0, 0, 0, 0),
(41, 'trikz_brink', 1, 10120, -1320, -7430.97, 9896, -1064, -7303.97, 0, 0, 0, 0, 0, 0),
(43, 'trikz_brink', 0, 10477, 8393, -7214.97, 10106, 8165, -7087.97, 0, 0, 0, 4, 0, 0),
(44, 'trikz_brink', 1, 10648, 12043, -6814.97, 9771, 12205, -6687.97, 0, 0, 0, 4, 0, 0),
(45, 'trikz_revolution_final', 0, 3032, -2280, 315.391, 2232, -1816, 442.391, 0, 0, 0, 0, 0, 0),
(46, 'trikz_revolution_final', 1, 2204, 10770, 1320.39, 1754, 11678, 1447.39, 0, 0, 0, 0, 0, 0),
(47, 'trikz_clarity', 0, -1509, -8752, 7230.03, -1821, -10027, 7357.03, 0, 0, 0, 0, 0, 0),
(48, 'trikz_clarity', 3, -1869, -10027, 7230.03, -1917, -8752, 7357.03, 0, 0, 0, 0, 0, 0),
(49, 'trikz_clarity', 1, 2, -527, 159.929, -274, -609, 286.929, 0, 0, 0, 0, 0, 0),
(50, 'trikz_clarity', 0, 9959, -6346, 8157.03, 10627, -5674, 8284.03, 0, 0, 0, 2, 0, 0),
(51, 'trikz_clarity', 3, 10627, -5597, 8157.03, 9959, -5658, 8284.03, 0, 0, 0, 2, 0, 0),
(52, 'trikz_clarity', 1, 2, -527, 159.929, -274, -609, 286.929, 0, 0, 0, 2, 0, 0),
(53, 'trikz_clarity', 0, 4800, -8957, -14009.8, 4928, -10055, -13882.8, 0, 0, 0, 4, 0, 0),
(54, 'trikz_clarity', 3, 4960, -10055, -14008.3, 4992, -8957, -13882.8, 0, 0, 0, 4, 0, 0),
(55, 'trikz_clarity', 1, 2, -527, 159.929, -274, -609, 286.929, 0, 0, 0, 4, 0, 0),
(56, 'trikz_colors_noblack3', 0, -424, -836, -500.968, 624, -328, -373.968, 0, 0, 0, 0, 0, 0),
(57, 'trikz_colors_noblack3', 1, -624, 112, -575.968, -1591, -854, -448.968, 0, 0, 0, 0, 0, 0),
(58, 'trikz_concret', 0, -352, -240, 1.031, -16, 224, 128.031, 0, 0, 0, 0, 0, 0),
(59, 'trikz_concret', 1, 3600, 4896, 1.031, 4656, 5728, 128.031, 0, 0, 0, 0, 0, 0),
(60, 'trikz_concret', 0, 3600, 5840, 1.031, 3784, 6408, 128.031, 0, 0, 0, 4, 0, 0),
(61, 'trikz_concret', 1, 11089, 5840, 1.031, 11289, 6408, 128.031, 0, 0, 0, 4, 0, 0),
(62, 'trikz_cool', 0, 2180, -1192, -440.968, 1814, -480, -313.968, 0, 0, 0, 0, 0, 0),
(63, 'trikz_cool', 1, -2304, -7953, -3336.97, -362, -10020, -3209.97, 0, 0, 0, 0, 0, 0),
(64, 'trikz_cosmos_fix', 0, -128, 4554, -436.968, -448, 4817, -309.968, 0, 0, 0, 0, 0, 0),
(65, 'trikz_cosmos_fix', 1, 4060, -15552, 5837.03, 4532, -15692, 5976.03, 0, 0, 0, 0, 0, 0),
(66, 'trikz_cosmos_fix', 0, -448, -7852, 13201, -192, -7724, 13328, 0, 0, 0, 4, 0, 0),
(67, 'trikz_cosmos_fix', 1, 160, 16, 11925, -800, -176, 12052, 0, 0, 0, 4, 0, 0),
(68, 'trikz_daemon', 0, 432, 80, 67.031, -48, 560, 194.031, 0, 0, 0, 0, 0, 0),
(69, 'trikz_daemon', 1, -3088, 3376, 705.031, -3568, 2896, 830.031, 0, 0, 0, 0, 0, 0),
(70, 'trikz_desert_b7', 0, -496, -496, 65.031, -16, -256, 192.031, 0, 0, 0, 0, 0, 0),
(71, 'trikz_desert_b7', 1, 4112, -2064, 203.795, 5104, -2736, 392.967, 0, 0, 0, 0, 0, 0),
(72, 'trikz_desert_b7', 0, 2128, -4864, -62.968, 2992, -4080, 64.031, 0, 0, 0, 2, 0, 0),
(73, 'trikz_desert_b7', 0, 4112, -3024, 1.031, 4352, -3376, 128.031, 0, 0, 0, 4, 0, 0),
(74, 'trikz_desert_b7', 1, 8368, -3984, 129.031, 8064, -4400, 256.031, 0, 0, 0, 4, 0, 0),
(75, 'trikz_devision', 0, 304, -432, 129.031, -304, 0, 256.031, 0, 0, 0, 0, 0, 0),
(76, 'trikz_devision', 1, 9214, 7600, -1022.97, 10432, 6472, -895.968, 0, 0, 0, 0, 0, 0),
(77, 'trikz_dev_final', 0, -496, -496, 65.031, -16, 240, 192.031, 0, 0, 0, 0, 0, 0),
(78, 'trikz_dev_final', 3, 3519, -7040, 1537.02, -7171, 1662, 1937.35, 0, 0, 0, 0, 0, 0),
(79, 'trikz_dev_final', 1, -3920, -6960, 321.031, -4592, -5968, 448.031, 0, 0, 0, 0, 0, 0),
(80, 'trikz_dev_final', 0, 688, 1520, 129.031, 208, 1024, 256.031, 0, 0, 0, 4, 0, 0),
(81, 'trikz_dev_final', 1, -1344, 112, 129.031, -1479, -176, 256.031, 0, 0, 0, 4, 0, 0),
(82, 'trikz_diversity_final', 0, 12896, -2320, 81.031, 12224, -2800, 208.031, 0, 0, 0, 0, 0, 0),
(83, 'trikz_diversity_final', 1, 11824, -8816, -510.968, 10320, -7312, -383.968, 0, 0, 0, 0, 0, 0),
(84, 'trikz_dream', 0, -14688, 15632, 129.031, -14448, 15536, 256.031, 0, 0, 0, 0, 0, 0),
(85, 'trikz_dream', 1, -14261, 12315, -9283.5, -13592, 13052, -9156.5, 0, 0, 0, 0, 0, 0),
(86, 'trikz_e1m', 0, 816, 752, 83.031, 208, -432, 210.031, 0, 0, 0, 0, 0, 0),
(87, 'trikz_e1m', 1, 6167, 483, -620.968, 7800, -1220, -493.968, 0, 0, 0, 0, 0, 0),
(88, 'trikz_e1m', 0, 7811, 5991, -593.968, 7200, 5665, -466.968, 0, 0, 0, 4, 0, 0),
(89, 'trikz_e1m', 1, 6871, 5991, 291.031, 7811, 5665, 418.031, 0, 0, 0, 4, 0, 0),
(90, 'trikz_eonia', 0, 3296, 3072, 7665.03, 2688, 2944, 7792.03, 0, 0, 0, 0, 0, 0),
(91, 'trikz_eonia', 1, 480, 3856, 8721.03, 288, 5104, 8848.03, 0, 0, 0, 0, 0, 0),
(92, 'trikz_eternity', 0, -11068, 458, -3722.97, -10588, 714, -3595.97, 0, 0, 0, 0, 0, 0),
(93, 'trikz_eternity', 1, 11870, 3272, 779.031, 11134, 4264, 906.031, 0, 0, 0, 0, 0, 0),
(94, 'trikz_ethereal', 0, -13600, 1296, 3537.03, -13152, 1808, 3664.03, 0, 0, 0, 0, 0, 0),
(95, 'trikz_ethereal', 1, -11168, 4616, 2801.03, -11552, 4232, 2928.03, 0, 0, 0, 0, 0, 0),
(96, 'trikz_ethereal2', 0, -768, 880, 17.031, -1008, 656, 144.031, 0, 0, 0, 0, 0, 0),
(97, 'trikz_ethereal2', 1, -15424, -12688, -3582.97, -15808, -13072, -3455.97, 0, 0, 0, 0, 0, 0),
(98, 'trikz_expertzone', 0, -1784, 24, -1510.97, -1544, -408, -1383.97, 0, 0, 0, 0, 0, 0),
(99, 'trikz_expertzone', 1, -2923, 2576, -2282.97, -1011, 3136, -2155.97, 0, 0, 0, 0, 0, 0),
(100, 'trikz_expertzone', 0, 12389, -4366, -7370.97, 12705, -5238, -7243.97, 0, 0, 0, 2, 0, 0),
(101, 'trikz_expertzone', 1, -11885, 6422, -5686.97, -10996, 7279, -5559.97, 0, 0, 0, 2, 0, 0),
(102, 'trikz_exssses', 0, -598, 5388, 129.031, -298, 5688, 256.031, 0, 0, 0, 0, 0, 0),
(103, 'trikz_exssses', 1, -5143, -12850, -14276, -4697, -12398, -14149, 0, 0, 0, 0, 0, 0),
(104, 'trikz_extra', 0, 16, -496, 65.031, 703, 185, 192.031, 0, 0, 0, 0, 0, 0),
(105, 'trikz_extra', 1, -3973, 7070, 2238.03, -3431, 7804, 2365.03, 0, 0, 0, 0, 0, 0),
(106, 'trikz_extra', 0, -957, 7591, -142.968, -79, 7973, -15.968, 0, 0, 0, 4, 0, 0),
(107, 'trikz_extra', 1, 64, 8326, 791.031, 406, 8050, 918.031, 0, 0, 0, 4, 0, 0),
(108, 'trikz_extreme_final', 0, -3856, 3088, 65.031, -4240, 2704, 192.031, 0, 0, 0, 0, 0, 0),
(109, 'trikz_extreme_final', 1, 3944, 840, 52.031, 5112, -800, 179.031, 0, 0, 0, 0, 0, 0),
(110, 'trikz_extreme_final', 0, 5356, -1345, 120.031, 5624, -928, 247.031, 0, 0, 0, 4, 0, 0),
(111, 'trikz_extreme_final', 1, 6540, -2464, 120.031, 6368, -2880, 247.031, 0, 0, 0, 4, 0, 0),
(112, 'trikz_failtime', 0, 3552, 5040, -206.968, 3184, 5392, -79.968, 0, 0, 0, 0, 0, 0),
(113, 'trikz_failtime', 1, 2513, 416, -356.234, 3824, -640, -229.234, 0, 0, 0, 0, 0, 0),
(114, 'trikz_fapfap', 0, -217, -328, 49.031, 360, 252, 176.031, 0, 0, 0, 0, 0, 0),
(115, 'trikz_fapfap', 1, -494, 7714, 321.04, 306, 8257, 448.031, 0, 0, 0, 0, 0, 0),
(116, 'trikz_fapfap', 0, 304, 5888, 353.031, -160, 6193, 480.031, 0, 0, 0, 4, 0, 0),
(117, 'trikz_fapfap', 1, -1392, -111, 353.031, -816, 59, 480.031, 0, 0, 0, 4, 0, 0),
(118, 'trikz_forfun', 0, -344, -676, 34.031, 144, -189, 161.031, 0, 0, 0, 0, 0, 0),
(119, 'trikz_forfun', 1, -8248, 1354, -688.6, -6682, -43, -561.6, 0, 0, 0, 0, 0, 0),
(120, 'trikz_forfun', 0, -6556, 450, -858.968, -6078, -38, -731.968, 0, 0, 0, 2, 0, 0),
(121, 'trikz_forfun', 3, -6620, -38, -858.968, -6576, 450, -731.968, 0, 0, 0, 2, 0, 0),
(122, 'trikz_forfun', 1, -8248, 1354, -688.6, -6682, -43, -561.6, 0, 0, 0, 2, 0, 0),
(123, 'trikz_colors', 0, -424, -836, -500.968, 624, -328, -373.968, 0, 0, 0, 0, 0, 0),
(124, 'trikz_colors', 1, -624, 112, -575.968, -1591, -854, -448.968, 0, 0, 0, 0, 0, 0),
(125, 'trikz_minecraft', 0, -144, -528, 1.031, 432, -912, 128.031, 0, 0, 0, 0, 0, 0),
(126, 'trikz_minecraft', 1, 1104, 2448, -1534.97, -752, 4592, -1407.97, 0, 0, 0, 0, 0, 0),
(127, 'trikz_aportal', 0, 80, -12064, 65.031, 400, -11616, 192.031, 0, 0, 0, 0, 0, 0),
(128, 'trikz_aportal', 1, 10000, -3168, -8558.97, 10224, -3424, -8432.97, 0, 0, 0, 0, 0, 0),
(129, 'trikz_firsttime', 0, 569, 592, 160.604, 793, -60, 287.604, 0, 0, 0, 0, 0, 0),
(130, 'trikz_firsttime', 1, 3442, -7043, -3420.97, 4857, -8545, -3293.97, 0, 0, 0, 0, 0, 0),
(131, 'trikz_firsttime', 0, -13422, 11086, 546.031, -11103, 9195, 673.031, 0, 0, 0, 2, 0, 0),
(132, 'trikz_firsttime', 1, 3442, -7043, -3420.97, 4857, -8545, -3293.97, 0, 0, 0, 2, 0, 0),
(133, 'trikz_foryou_b4', 0, -1008, 496, 65.031, -640, -176, 192.031, 0, 0, 0, 0, 0, 0),
(134, 'trikz_fpsgamerz_banana_v2', 0, -1169, 1519, -382.968, -1648, 784, -255.968, 0, 0, 0, 0, 0, 0),
(135, 'trikz_fpsgamerz_banana_v2', 1, 12606, -9504, 289.54, 11201, -10374, 426.031, 0, 0, 0, 0, 0, 0),
(136, 'trikz_fpsgamerz_banana_v2', 0, 13376, -12444, 56.031, 13766, -11906, 183.031, 0, 0, 0, 4, 0, 0),
(137, 'trikz_fpsgamerz_banana_v2', 1, 9296, -12368, 52.031, 9213, -12444, 179.031, 0, 0, 0, 4, 0, 0),
(138, 'trikz_go', 0, 15359, -3112, -132.968, 14543, -4080, -5.968, 0, 0, 0, 0, 0, 0),
(139, 'trikz_go', 1, 15826, -6118, -926.968, 14874, -5170, -799.968, 0, 0, 0, 0, 0, 0),
(140, 'trikz_go', 0, 15569, -7620, -2750.97, 15822, -6652, -2623.97, 0, 0, 0, 2, 0, 0),
(141, 'trikz_go', 3, 15850, -7620, -2750.97, 15886, -6652, -2623.97, 0, 0, 0, 2, 0, 0),
(142, 'trikz_go', 1, 15826, -6118, -926.968, 14874, -5170, -799.968, 0, 0, 0, 2, 0, 0),
(143, 'trikz_kyoto_final', 0, -6864, 4144, 1409.03, -7472, 3200, 1536.03, 0, 0, 0, 0, 0, 0),
(144, 'trikz_kyoto_final', 1, 1776, -2688, -2302.97, 912, -3328, -2175.97, 0, 0, 0, 0, 0, 0),
(146, 'trikz_kyoto_final', 0, -7344, -10992, 12801, -7120, -10624, 12928, 0, 0, 0, 4, 0, 0),
(147, 'trikz_kyoto_final', 1, -3792, -3792, 10049, -4224, -5104, 10176, 0, 0, 0, 4, 0, 0),
(148, 'trikz_greg', 0, -4716, 9063, -6730.97, -4317, 8402, -6604.47, 0, 0, 0, 0, 0, 0),
(149, 'trikz_greg', 1, 6689, -10363, 681.031, 2349, -7287, 808.031, 0, 0, 0, 0, 0, 0),
(150, 'trikz_greg', 0, -4936, 9404, -6846.78, -4753, 8855, -6731.53, 0, 0, 0, 4, 0, 0),
(151, 'trikz_greg', 1, 938, -7907, -5530.97, 885, -7832, -5403.97, 0, 0, 0, 4, 0, 0),
(152, 'trikz_hammer', 0, 144, 112, 33.031, -144, -96, 160.031, 0, 0, 0, 0, 0, 0),
(153, 'trikz_hammer', 1, 3928, -5320, -382.968, 4408, -4905, -255.968, 0, 0, 0, 0, 0, 0),
(154, 'trikz_hammer', 0, 816, -8048, -190.968, 576, -7632, -63.967, 0, 0, 0, 4, 0, 0),
(155, 'trikz_hammer', 3, 816, -8112, -190.968, 576, -8064, -63.968, 0, 0, 0, 4, 0, 0),
(156, 'trikz_hammer', 1, 5144, -6536, -382.968, 5560, -6056, -255.968, 0, 0, 0, 4, 0, 0),
(157, 'trikz_howtodo', 0, 1344, 696, 65.031, 961, 1262, 192.031, 0, 0, 0, 0, 0, 0),
(158, 'trikz_howtodo', 1, 16287, 5572, 65.031, 15719, 5188, 192.031, 0, 0, 0, 0, 0, 0),
(159, 'trikz_insanity', 0, -320, -64, 65.031, 27, 512, 192.031, 0, 0, 0, 0, 0, 0),
(160, 'trikz_insanity', 1, -4601, 3484, 505.765, -4089, 4092, 632.765, 0, 0, 0, 0, 0, 0),
(161, 'trikz_insanity', 0, -7120, 2896, 227.031, -8688, 2620, 354.031, 0, 0, 0, 2, 0, 0),
(162, 'trikz_insanity', 3, -8816, 2620, 227.031, -8725, 2896, 354.031, 0, 0, 0, 2, 0, 0),
(163, 'trikz_insanity', 1, -4601, 3484, 505.765, -4089, 4092, 632.765, 0, 0, 0, 2, 0, 0),
(164, 'trikz_insanity', 0, -4627, 4521, 578.031, -4115, 4825, 705.031, 0, 0, 0, 4, 0, 0),
(165, 'trikz_insanity', 1, -5779, 8985, 578.031, -5267, 8680, 705.031, 0, 0, 0, 4, 0, 0),
(166, 'trikz_inspaire', 0, -768, 896, 1.031, -128, 256, 128.031, 0, 0, 0, 0, 0, 0),
(167, 'trikz_inspaire', 1, 1536, 5120, -2878.97, 1152, 4736, -2751.97, 0, 0, 0, 0, 0, 0),
(168, 'trikz_inspaire', 0, -3072, -1744, 1921.03, -2736, -2064, 2048.03, 0, 0, 0, 4, 0, 0),
(169, 'trikz_inspaire', 1, 2032, 880, 2050.53, 2416, 1200, 2176.03, 0, 0, 0, 4, 0, 0),
(170, 'trikz_invincible_b2', 0, -8482, 972, -3639.97, -8691, 2218, -3512.97, 0, 0, 0, 0, 0, 0),
(171, 'trikz_invincible_b2', 1, -15197, -15541, 14841, -14205, -14548, 14968, 0, 0, 0, 0, 0, 0),
(172, 'trikz_krepix', 0, -13840, 16272, 225.031, -14320, 15904, 352.031, 0, 0, 0, 0, 0, 0),
(173, 'trikz_krepix', 1, 6048, 11184, 2177.03, 6240, 11424, 2304.03, 0, 0, 0, 0, 0, 0),
(174, 'trikz_krepix', 0, 9184, 10032, 2241.03, 9616, 10240, 2368.03, 0, 0, 0, 4, 0, 0),
(175, 'trikz_krepix', 1, 9616, 14128, 2337.03, 9184, 13888, 2464.03, 0, 0, 0, 4, 0, 0),
(176, 'trikz_aroundtheworld_v3', 0, 474, -480, 65.031, -544, 409, 215.455, 0, 0, 0, 0, 0, 0),
(177, 'trikz_aroundtheworld_v3', 1, 6544, -13097, -4637.97, 7272, -13781, -4510.97, 0, 0, 0, 0, 0, 0),
(178, 'trikz_aroundtheworld_v3', 3, 8546, -14556, 449.031, 52, -9443, 576.031, 0, 0, 0, 0, 0, 0),
(179, 'trikz_aroundtheworld_v3', 0, 650, -9444, 449.031, 1534, -9080, 591.95, 0, 0, 0, 4, 0, 0),
(180, 'trikz_aroundtheworld_v3', 1, -696, 1035, 448.951, -566, 884, 575.951, 0, 0, 0, 4, 0, 0),
(181, 'trikz_learn_hard', 0, -448, 480, -734.968, 80, -96, -607.968, 0, 0, 0, 0, 0, 0),
(182, 'trikz_learn_hard', 1, 5514, -3760, -2427.97, 6575, -2819, -2300.97, 0, 0, 0, 0, 0, 0),
(183, 'trikz_legends_b1', 0, 4713, 8999, -1253.97, 5033, 8487, -1149.97, 0, 0, 0, 0, 0, 0),
(184, 'trikz_legends_b1', 1, 104, -496, -254.968, -402, -32, -127.968, 0, 0, 0, 0, 0, 0),
(185, 'trikz_lego_fix', 0, -3311, 2816, -1854.97, -2872, 2128, -1727.97, 0, 0, 0, 0, 0, 0),
(186, 'trikz_lego_fix', 1, -735, -3440, -13647, -463, -2928, -13520, 0, 0, 0, 0, 0, 0),
(187, 'trikz_lizawhorez_fix', 0, 432, -432, 65.031, -112, 0, 192.031, 0, 0, 0, 0, 0, 0),
(188, 'trikz_lizawhorez_fix', 1, 7032, -4856, -2670.97, 7888, -5248, -2543.97, 0, 0, 0, 0, 0, 0),
(189, 'trikz_lucky', 0, 2385, -4008, -648.164, 2043, -3618, -522.469, 0, 0, 0, 0, 0, 0),
(190, 'trikz_lucky', 1, -282, 4129, -758.968, 60, 4518, -631.968, 0, 0, 0, 0, 0, 0),
(191, 'trikz_measuregeneric', 0, -16, 560, 49.031, -560, 16, 176.031, 0, 0, 0, 0, 0, 0),
(192, 'trikz_measuregeneric', 1, 1008, -624, 65.031, 560, -176, 192.031, 0, 0, 0, 0, 0, 0),
(193, 'trikz_measuregeneric', 0, -11952, -14336, -13135, -12656, -14657, -13008, 0, 0, 0, 2, 0, 0),
(194, 'trikz_measuregeneric', 3, -12656, -14704, -13135, -11952, -14672, -13008, 0, 0, 0, 2, 0, 0),
(195, 'trikz_measuregeneric', 3, -8112, -8432, -13119, -8095, -8561, -12992, 0, 0, 0, 2, 0, 0),
(196, 'trikz_measuregeneric', 3, -6688, -920, -13135, -6704, -792, -13008, 0, 0, 0, 2, 0, 0),
(197, 'trikz_measuregeneric', 1, 560, -176, 65.031, 1008, -624, 192.031, 0, 0, 0, 2, 0, 0),
(198, 'trikz_measuregeneric', 0, 3568, -2992, 353.031, 3216, -2896, 480.031, 0, 0, 0, 4, 0, 0),
(199, 'trikz_measuregeneric', 1, 1168, 1520, 97.031, 1456, 1696, 224.031, 0, 0, 0, 4, 0, 0),
(200, 'trikz_measuregeneric2', 0, -2032, -1488, 385.031, -1552, -1776, 528.031, 0, 0, 0, 0, 0, 0),
(201, 'trikz_measuregeneric2', 1, 8336, -14096, 2209.03, 8784, -14544, 2336.03, 0, 0, 0, 0, 0, 0),
(202, 'trikz_measuregeneric2', 0, -15696, -16256, -446.968, -15408, -15951, -319.968, 0, 0, 0, 2, 0, 0),
(203, 'trikz_measuregeneric2', 1, 8336, -14096, 2209.03, 8784, -14544, 2336.03, 0, 0, 0, 2, 0, 0),
(204, 'trikz_measuregeneric2', 3, -16176, -13648, -446.968, -16160, -13776, -319.968, 0, 0, 0, 2, 0, 0),
(205, 'trikz_measuregeneric2', 3, -14768, -13648, -446.968, -14752, -13776, -319.968, 0, 0, 0, 2, 0, 0),
(206, 'trikz_measuregeneric2', 3, -13360, -13648, -446.968, -13344, -13776, -319.968, 0, 0, 0, 2, 0, 0),
(207, 'trikz_measuregeneric2', 3, -11952, -13648, -446.968, -11936, -13776, -319.968, 0, 0, 0, 2, 0, 0),
(208, 'trikz_measuregeneric2', 0, 14520, -16232, 1921.03, 13848, -16056, 2048.03, 0, 0, 0, 4, 0, 0),
(209, 'trikz_measuregeneric2', 1, 11672, -11016, 2177.03, 12344, -11192, 2304.03, 0, 0, 0, 4, 0, 0),
(210, 'trikz_mh', 0, -1832, 1944, 105.031, -2392, 1617, 232.031, 0, 0, 0, 0, 0, 0),
(211, 'trikz_mh', 1, 3072, 456, 110.031, 3929, 1249, 237.031, 0, 0, 0, 0, 0, 0),
(212, 'trikz_mom', 0, -653, -103, 33.031, -384, -1495, 160.031, 0, 0, 0, 0, 0, 0),
(213, 'trikz_mom', 1, -5974, 3860, -43.968, -8386, 1485, 83.031, 0, 0, 0, 0, 0, 0),
(214, 'trikz_mom', 0, -807, -138, -69.968, -2251, -1312, 57.031, 0, 0, 0, 2, 0, 0),
(215, 'trikz_mom', 3, -1895, -1376, -69.968, -1806, -1344, 57.031, 0, 0, 0, 2, 0, 0),
(216, 'trikz_mom', 3, -1056, -2946, -114.968, -960, -2928, 12.031, 0, 0, 0, 2, 0, 0),
(217, 'trikz_mom', 3, -1178, -4593, -73.968, -1082, -4568, 53.031, 0, 0, 0, 2, 0, 0),
(218, 'trikz_mom', 1, -8386, 3860, -43.968, -5974, 1485, 83.031, 0, 0, 0, 2, 0, 0),
(219, 'trikz_move', 0, -96, -5406, 620.531, 384, -4590, 747.531, 0, 0, 0, 0, 0, 0),
(220, 'trikz_move', 1, 6363, 3447, -1724.47, 7424, 2506, -1597.47, 0, 0, 0, 0, 0, 0),
(221, 'trikz_move', 0, 10008, 3211, -1134.97, 11077, 4916, -1007.97, 0, 0, 0, 2, 0, 0),
(222, 'trikz_move', 1, 6363, 3447, -1724.47, 7424, 2506, -1597.47, 0, 0, 0, 2, 0, 0),
(223, 'trikz_myinstyle', 0, -7735, -10267, -1037.97, -7255, -10027, -910.968, 0, 0, 0, 0, 0, 0),
(224, 'trikz_myinstyle', 1, 2603, -2121, -2733.97, 2185, -1321, -2606.97, 0, 0, 0, 0, 0, 0),
(225, 'trikz_myinstyle', 0, 4737, -1609, -2509.97, 5115, -1833, -2382.97, 0, 0, 0, 4, 0, 0),
(226, 'trikz_myinstyle', 1, 2860, -1544, -2733.97, 3661, -1896, -2606.97, 0, 0, 0, 4, 0, 0),
(227, 'trikz_noflash', 0, -2220, -1799, 17.447, -1921, -1500, 144.031, 0, 0, 0, 0, 0, 0),
(228, 'trikz_noflash', 1, -7903, -11727, -8930.97, -7619, -12095, -8803.97, 0, 0, 0, 0, 0, 0),
(229, 'trikz_noxious', 0, 320, -256, 65.031, -208, 256, 192.031, 0, 0, 0, 0, 0, 0),
(230, 'trikz_noxious', 1, 2576, 208, -222.968, 2880, 304, -95.968, 0, 0, 0, 0, 0, 0),
(231, 'trikz_ocean', 0, 14103, 12178, 489.031, 14439, 12468, 616.031, 0, 0, 0, 0, 0, 0),
(232, 'trikz_ocean', 1, -13548, -4869, 186.531, -14392, -3835, 529.864, 0, 0, 0, 0, 0, 0),
(233, 'trikz_oof', 0, -1807, 628, 193.031, -2807, -276, 320.031, 0, 0, 0, 4, 0, 0),
(234, 'trikz_oof', 1, -1807, -7300, 217.031, -2807, -6744, 344.031, 0, 0, 0, 4, 0, 0),
(235, 'trikz_overdriver', 0, -16, -176, 1.031, -1008, 300, 128.031, 0, 0, 0, 0, 0, 0),
(236, 'trikz_overdriver', 1, -5264, 5520, -4222.97, -5104, 5424, -4095.97, 0, 0, 0, 0, 0, 0),
(241, 'trikz_penguin_fix', 0, -1072, 640, -1694.97, -512, 1376, -1567.97, 0, 0, 0, 0, 0, 0),
(242, 'trikz_penguin_fix', 1, 1136, 2310, -3468.97, 94, 3352, -3341.97, 0, 0, 0, 0, 0, 0),
(243, 'trikz_penguin_fix', 0, 3578, 10272, -3870.97, 1994, 11264, -3743.97, 0, 0, 0, 2, 0, 0),
(244, 'trikz_penguin_fix', 1, -5523, 11518, -3918.97, -6113, 12046, -3791.97, 0, 0, 0, 2, 0, 0),
(245, 'trikz_penguin_fix', 0, 3330, 2349, -3438.97, 3164, 2629, -3311.97, 0, 0, 0, 4, 0, 0),
(246, 'trikz_penguin_fix', 1, 3281, 3589, -3438.97, 3060, 3309, -3311.97, 0, 0, 0, 4, 0, 0),
(247, 'trikz_pewpew', 0, -152, -472, -62.968, 152, -248, 64.031, 0, 0, 0, 0, 0, 0),
(248, 'trikz_pewpew', 1, 3226, -1740, -269.968, 1526, -772, -142.968, 0, 0, 0, 0, 0, 0),
(249, 'trikz_pharaohs_tomb', 0, -240, 256, -46.968, 240, -384, 80.031, 0, 0, 0, 0, 0, 0),
(250, 'trikz_pharaohs_tomb', 1, 4496, 640, -8190.97, 5744, 1904, -8063.97, 0, 0, 0, 0, 0, 0),
(251, 'trikz_portal2', 0, -656, -736, 25.031, -528, -832, 152.031, 0, 0, 0, 0, 0, 0),
(252, 'trikz_portal2', 1, 7752, -4160, 1537.03, 7064, -2592, 1664.03, 0, 0, 0, 0, 0, 0),
(253, 'trikz_portal2', 0, 10232, -2576, 1793.03, 10328, -2704, 1920.03, 0, 0, 0, 2, 0, 0),
(254, 'trikz_portal2', 1, 13448, -5632, 2177.03, 13303, -4960, 2304.03, 0, 0, 0, 2, 0, 0),
(255, 'trikz_portal_final', 0, 2576, 400, 33.031, 2128, -336, 160.031, 0, 0, 0, 0, 0, 0),
(256, 'trikz_portal_final', 1, 172, 2888, 5747.03, 875, 3624, 5874.03, 0, 0, 0, 0, 0, 0),
(257, 'trikz_proud', 0, 1488, 80, 513.031, 1904, 272, 640.031, 0, 0, 0, 0, 0, 0),
(258, 'trikz_proud', 1, -14640, 12848, 585.031, -13392, 11728, 713.031, 0, 0, 0, 0, 0, 0),
(259, 'trikz_proud', 0, -13264, 13024, 585.031, -12752, 12556, 712.031, 0, 0, 0, 4, 0, 0),
(260, 'trikz_proud', 1, -12112, 9237, 585.031, -11600, 9541, 712.031, 0, 0, 0, 4, 0, 0),
(261, 'trikz_randomraider_fix', 0, 80, -48, 5889.03, 1072, 448, 6016.03, 0, 0, 0, 0, 0, 0),
(262, 'trikz_randomraider_fix', 1, 10176, 9452, -1054.97, 10208, 9152, -927.968, 0, 0, 0, 0, 0, 0),
(263, 'trikz_randomraider_fix', 0, 7152, -12848, 10273, 7040, -12368, 10400, 0, 0, 0, 4, 0, 0),
(264, 'trikz_randomraider_fix', 1, 5200, -9040, 9585.03, 5024, -9441, 9712.03, 0, 0, 0, 4, 0, 0),
(265, 'trikz_reality', 0, 1336, 14728, 7681.03, 1704, 15464, 7808.03, 0, 0, 0, 0, 0, 0),
(266, 'trikz_reality', 1, -13139, 2584, -3961.97, -12627, 2392, -3834.97, 0, 0, 0, 0, 0, 0),
(267, 'trikz_research_laboratories', 0, 8619, -3773, -438.968, 8891, -4496, -311.968, 0, 0, 0, 0, 0, 0),
(268, 'trikz_research_laboratories', 1, 1327, -12632, -1988.97, 2319, -13624, -1861.97, 0, 0, 0, 0, 0, 0),
(269, 'trikz_sakura_final', 0, 6514, 4704, 277.031, 5890, 3720, 404.031, 0, 0, 0, 0, 0, 0),
(270, 'trikz_sakura_final', 1, -11681, -5205, 181.597, -11839, -6172, 308.597, 0, 0, 0, 0, 0, 0),
(271, 'trikz_sakura_final', 0, -1504, 3092, 493.246, -1621, 3216, 610.647, 0, 0, 0, 4, 0, 0),
(272, 'trikz_sakura_final', 1, 515, 3282, -255.446, 364, 3159, -128.446, 0, 0, 0, 4, 0, 0),
(273, 'trikz_shokirlegend', 0, -672, 1616, 1.031, -1057, 2001, 128.031, 0, 0, 0, 0, 0, 0),
(274, 'trikz_shokirlegend', 1, 10656, 12448, 2865.03, 10080, 12704, 2992.03, 0, 0, 0, 0, 0, 0),
(275, 'trikz_short', 0, -496, 344, 65.031, 180, -28, 192.031, 0, 0, 0, 0, 0, 0),
(276, 'trikz_short', 1, -4572, -1480, -1832.97, -2623, 529, -1705.97, 0, 0, 0, 0, 0, 0),
(277, 'trikz_shutthefuckup', 0, -688, 240, 65.031, -128, -304, 192.031, 0, 0, 0, 0, 0, 0),
(278, 'trikz_shutthefuckup', 1, 10736, 8688, -1150.97, 8720, 6672, -1023.97, 0, 0, 0, 0, 0, 0),
(279, 'trikz_simplicity', 0, -16175, -1263, -14.968, -15375, -1823, 112.031, 0, 0, 0, 0, 0, 0),
(280, 'trikz_simplicity', 1, 1776, -12176, -1150.97, 976, -12976, -1023.97, 0, 0, 0, 0, 0, 0),
(281, 'trikz_simplicity2', 0, -11280, -14256, -94.968, -12080, -13696, 32.031, 0, 0, 0, 0, 0, 0),
(282, 'trikz_simplicity2', 1, -9232, -14992, -1726.97, -10032, -15792, -1599.97, 0, 0, 0, 0, 0, 0),
(283, 'trikz_skyway_fixed', 0, -819, -425, 65.031, -135, 143, 192.031, 0, 0, 0, 0, 0, 0),
(284, 'trikz_skyway_fixed', 1, 1117, -4500, 731.031, 669, -4052, 858.031, 0, 0, 0, 0, 0, 0),
(285, 'trikz_smile', 0, -9304, -2312, 33.031, -9688, -2696, 160.031, 0, 0, 0, 0, 0, 0),
(286, 'trikz_smile', 1, -3104, -4496, -5822.97, -1056, -2448, -5695.97, 0, 0, 0, 0, 0, 0),
(287, 'trikz_sun', 0, -951, 208, -215.162, -752, 738, -116.301, 0, 0, 0, 0, 0, 0),
(288, 'trikz_sun', 1, -1626, 3084, -143.554, -1028, 2647, 0.031, 0, 0, 0, 0, 0, 0),
(289, 'trikz_tanyaisawhore', 0, -48, 480, 33.031, 512, -480, 160.031, 0, 0, 0, 0, 0, 0),
(290, 'trikz_tanyaisawhore', 1, 488, 472, 1433.03, -40, -472, 1784.03, 0, 0, 0, 0, 0, 0),
(291, 'trikz_tintin', 0, 3056, 2160, 65.031, 2576, 1664, 192.031, 0, 0, 0, 0, 0, 0),
(292, 'trikz_tintin', 1, 3792, 5744, -1406.97, 5296, 4240, -1279.97, 0, 0, 0, 0, 0, 0),
(293, 'trikz_tintin', 0, 1744, 4304, -1406.97, 3248, 4608, -1279.97, 0, 0, 0, 2, 0, 0),
(294, 'trikz_tintin', 3, 3248, 4240, -1406.97, 1744, 4278, -1279.97, 0, 0, 0, 2, 0, 0),
(295, 'trikz_tintin', 1, 3792, 5744, -1406.97, 5296, 4240, -1279.97, 0, 0, 0, 2, 0, 0),
(296, 'trikz_unorthodox', 0, 5422, -11202, -35.967, 6205, -10718, 91.029, 0, 0, 0, 0, 0, 0),
(297, 'trikz_unorthodox', 1, 15134, -1404, 980.031, 14528, -806, 1091.03, 0, 0, 0, 0, 0, 0),
(298, 'trikz_unorthodox', 0, -7748, 1389, 65.031, -7090, 1716, 192.031, 0, 0, 0, 2, 0, 0),
(299, 'trikz_unorthodox', 3, -7748, 1773, 65.031, -7090, 1740, 192.031, 0, 0, 0, 2, 0, 0),
(300, 'trikz_unorthodox', 1, 15134, -1404, 980.039, 14528, -806, 1091.03, 0, 0, 0, 2, 0, 0),
(301, 'trikz_victory', 0, -8983, -13520, 4293.03, -9463, -14142, 4420.03, 0, 0, 0, 0, 0, 0),
(302, 'trikz_victory', 1, 14193, 3398, 9823.03, 14443, 3738, 9950.03, 0, 0, 0, 0, 0, 0),
(303, 'trikz_vintage_final', 0, 12304, -10672, -3442.97, 11984, -10272, -3315.97, 0, 0, 0, 0, 0, 0),
(304, 'trikz_vintage_final', 1, 11880, -11360, -3450.97, 12360, -10880, -3323.97, 0, 0, 0, 0, 0, 0),
(305, 'trikz_vintage_final', 0, 9496, -8961, -3164.97, 9176, -9201, -3037.97, 0, 0, 0, 4, 0, 0),
(306, 'trikz_vintage_final', 1, 11256, -13281, -3164.97, 11032, -12961, -3037.97, 0, 0, 0, 4, 0, 0),
(307, 'trikz_visuals', 0, -2768, 1584, -126.968, -1808, 3024, 0.031, 0, 0, 0, 0, 0, 0),
(308, 'trikz_visuals', 1, -10288, -5936, 481.031, -11472, -7120, 608.031, 0, 0, 0, 0, 0, 0),
(309, 'trikz_visuals', 0, 8144, 7392, -3006.97, 7552, 6192, -2879.97, 0, 0, 0, 4, 0, 0),
(310, 'trikz_visuals', 1, 48, 6192, -3006.97, 512, 7392, -2879.97, 0, 0, 0, 4, 0, 0),
(311, 'trikz_eonia', 0, 15328, -13040, 1985.03, 13744, -14608, 2112.03, 0, 0, 0, 2, 0, 0),
(312, 'trikz_eonia', 1, 2592, -13040, 1985.03, 3816, -14608, 2112.03, 0, 0, 0, 2, 0, 0),
(313, 'trikz_eonia', 0, 10624, 5568, -1278.97, 10488, 5432, -1151.97, 0, 0, 0, 4, 0, 0),
(314, 'trikz_eonia', 1, 5440, -4496, -4406.97, 5529, -4596, -4279.97, 0, 0, 0, 4, 0, 0),
(315, 'trikz_overdriver', 0, -6223, 6977, 1.031, -6639, 6762, 128.031, 0, 0, 0, 2, 0, 0),
(316, 'trikz_overdriver', 1, -5264, 5520, -4222.97, -5104, 5424, -4095.97, 0, 0, 0, 2, 0, 0),
(317, 'trikz_bop', 0, -2234, 5173, 1145.03, -2618, 4789, 1272.03, 0, 0, 0, 0, 0, 0),
(318, 'trikz_bop', 1, 869, -5589, -2325.15, 485, -5973, -2198.13, 0, 0, 0, 0, 0, 0),
(319, 'trikz_bop', 0, -13913, 5879, 2688.03, -14841, 5735, 2815.03, 0, 0, 0, 4, 0, 0),
(320, 'trikz_bop', 1, -14874, 5879, 2688.03, -15801, 5735, 2815.03, 0, 0, 0, 4, 0, 0),
(323, 'trikz_green', 0, -496, -208, -126.968, 496, 288, 0.031, 0, 0, 0, 0, 0, 0),
(324, 'trikz_green', 1, -752, -3008, -206.968, -288, -2720, -79.968, 0, 0, 0, 0, 0, 0),
(325, 'trikz_green', 0, -1688, -12672, 5633.03, -2752, -11744, 5760.03, 0, 0, 0, 2, 0, 0),
(326, 'trikz_green', 3, -2944, -12144, 5633.03, -2928, -12273, 5760.03, 0, 0, 0, 2, 0, 0),
(327, 'trikz_green', 1, -752, -3008, -206.968, -288, -2720, -79.968, 0, 0, 0, 2, 0, 0),
(328, 'trikz_green', 0, 480, -4112, -462.968, 112, -3120, -335.968, 0, 0, 0, 4, 0, 0),
(329, 'trikz_green', 1, -1680, -14304, -382.968, -2672, -13968, -255.968, 0, 0, 0, 4, 0, 0),
(330, 'trikz_absinthe', 0, 320, -256, 65.031, -208, 256, 192.031, 0, 0, 0, 0, 0, 0),
(331, 'trikz_absinthe', 1, 2880, 208, -222.968, 2576, 304, -95.968, 0, 0, 0, 0, 0, 0),
(332, 'trikz_shinsekai_final', 0, -688, 1510, 2091.03, -1184, 976, 2218.03, 0, 0, 0, 0, 0, 0),
(333, 'trikz_shinsekai_final', 1, 3007, -9165, 4793.03, 2039, -9649, 4920.03, 0, 0, 0, 0, 0, 0),
(334, 'trikz_shinsekai_final', 0, -7552, -4200, -206.968, -7344, -3736, -79.968, 0, 0, 0, 4, 0, 0),
(335, 'trikz_shinsekai_final', 1, -8760, -8480, 721.031, -9512, -9496, 848.031, 0, 0, 0, 4, 0, 0),
(336, 'trikz_alteria_final', 7, 9498, 564, -691.968, 9474, 659, -564.968, -827.199, 658.388, -440.968, 0, 0, 0),
(337, 'trikz_alteria_final', 0, 6978, -908, 107.031, 6586, -428, 234.031, 0, 0, 0, 0, 0, 0),
(338, 'trikz_alteria_final', 3, 6482, -908, 107.031, 6570, -428, 234.031, 0, 0, 0, 0, 0, 0),
(339, 'trikz_alteria_final', 7, 2170, -4881, -387.074, 2138, -4839, -469.968, 4022.76, 1722.49, 376.031, 0, 0, 0),
(340, 'trikz_alteria_final', 7, 13760, -9088, -398.968, 13728, -9024, -271.968, 8357.16, -1314.83, -466.968, 0, 0, 0),
(341, 'trikz_alteria_final', 1, 7138, -2379, 252.031, 7010, -2236, 379.031, 0, 0, 0, 0, 0, 0),
(342, 'trikz_alteria_final', 3, 8594, -1260, -467.968, 8533, -1196, -340.968, 0, 0, 0, 0, 0, 0),
(343, 'trikz_aportal', 0, 1120, -11296, 193.031, 1024, -11424, 320.031, 0, 0, 0, 4, 0, 0),
(344, 'trikz_aportal', 1, 1088, -13664, 449.031, 1184, -13536, 576.031, 0, 0, 0, 4, 0, 0),
(345, 'trikz_someday', 0, -64, 64, 65.031, 320, -320, 192.031, 0, 0, 0, 0, 0, 0),
(346, 'trikz_someday', 1, 13568, -8752, 625.031, 12992, -9328, 752.031, 0, 0, 0, 0, 0, 0),
(347, 'trikz_someday', 0, -15272, -8952, 1251.97, -15032, -9320, 1378.97, 0, 0, 0, 4, 0, 0),
(348, 'trikz_someday', 1, -6200, -11512, 481.031, -6504, -11816, 608.031, 0, 0, 0, 4, 0, 0),
(349, 'trikz_cyrus', 3, -5768, 7408, -1518.97, -6247, 7424, -1391.97, 0, 0, 0, 4, 0, 0),
(350, 'trikz_affinity', 3, -987, 993, 3041.03, -635, 929, 3168.03, 0, 0, 0, 4, 0, 0),
(351, 'trikz_tanyaisawhore', 0, 256, -512, 1433.03, 520, -872, 1560.03, 0, 0, 0, 4, 0, 0),
(352, 'trikz_tanyaisawhore', 1, 2379, -920, 1433.03, 2255, -1279, 1560.03, 0, 0, 0, 4, 0, 0),
(357, 'trikz_pure_fix', 0, -14964, 14580, 9825.03, -15436, 15052, 9952.03, 0, 0, 0, 0, 0, 0),
(358, 'trikz_pure_fix', 1, -14476, 10860, 10529, -14004, 10388, 10656, 0, 0, 0, 0, 0, 0),
(359, 'trikz_pure_fix', 0, -11764, 11308, 10401, -12236, 10836, 10528, 0, 0, 0, 4, 0, 0),
(360, 'trikz_pure_fix', 1, -5428, 10836, 10401, -5900, 11308, 10528, 0, 0, 0, 4, 0, 0),
(361, 'trikz_learn', 0, -320, 512, 65.031, 208, -64, 192.031, 0, 0, 0, 0, 0, 0),
(362, 'trikz_learn', 1, -4112, 4080, 513.031, -4624, 3472, 640.031, 0, 0, 0, 0, 0, 0),
(363, 'trikz_learn', 0, -4624, 4560, 577.031, -4112, 4864, 704.031, 0, 0, 0, 4, 0, 0),
(364, 'trikz_learn', 1, -5264, 9024, 577.031, -5776, 8719, 704.031, 0, 0, 0, 4, 0, 0),
(365, 'trikz_advanced', 3, -4654, -2488, 1101.03, -5466, -3432, 1228.03, 0, 0, 0, 4, 0, 0),
(366, 'trikz_measuregeneric', 3, 3216, -3024, 353.031, 3568, -3008, 480.031, 0, 0, 0, 4, 0, 0),
(367, 'trikz_aura', 0, -1728, 2240, -78.968, -1856, 1856, 48.031, 0, 0, 0, 0, 0, 0),
(368, 'trikz_aura', 1, 1024, -11328, -1870.97, 768, -11584, -1743.97, 0, 0, 0, 0, 0, 0),
(371, 'trikz_bbdd', 3, -1600, -13520, -1262.97, -1760, -13504, -1135.97, 0, 0, 0, 4, 0, 0),
(372, 'trikz_hooC_b', 0, -5536, -229, -3598.97, -5248, -965, -3471.97, 0, 0, 0, 0, 0, 0),
(373, 'trikz_hooC_b', 1, -5448, 400, -3630.97, -4584, 1136, -3503.97, 0, 0, 0, 0, 0, 0),
(374, 'trikz_hooC_b', 0, -3904, -8464, 577.031, -3584, -9328, 704.031, 0, 0, 0, 4, 0, 0),
(375, 'trikz_hooC_b', 1, -3584, -9424, 283.031, -2640, -9896, 410.031, 0, 0, 0, 4, 0, 0),
(376, 'trikz_hooC_b', 3, -4464, -8464, 577.031, -3936, -9328, 704.031, 0, 0, 0, 4, 0, 0),
(377, 'trikz_penguin_fix', 3, 3378, 2349, -3438.97, 3342, 2629, -3311.97, 0, 0, 0, 4, 0, 0),
(378, 'trikz_p4p3r', 0, 5432, 12192, -149.968, 4888, 12704, -22.968, 0, 0, 0, 0, 0, 0),
(379, 'trikz_p4p3r', 1, -532, -14948, -4158.97, -1096, -14084, -4031.97, 0, 0, 0, 0, 0, 0),
(380, 'trikz_p4p3r', 0, -8620, -13732, -2262.97, -8340, -14236, -2135.97, 0, 0, 0, 4, 0, 0),
(381, 'trikz_p4p3r', 1, -13476, -15076, -2774.97, -14428, -15324, -2647.97, 0, 0, 0, 4, 0, 0),
(382, 'trikz_p4p3r', 3, -8112, -14056, -2262.97, -8144, -13911, -2135.97, 0, 0, 0, 4, 0, 0),
(383, 'trikz_measuregeneric2', 3, 14152, -16280, 1921.03, 14216, -16264, 2048.03, 0, 0, 0, 4, 0, 0),
(384, 'trikz_overdriver', 3, -6223, 6609, 1.031, -6639, 6720, 128.031, 0, 0, 0, 2, 0, 0),
(385, 'trikz_randomraider_fix', 3, -7104, 460, 6209.03, -7616, 960, 6336.03, 0, 0, 0, 0, 0, 0),
(386, 'trikz_lucky', 0, -4619, 7631, -132.468, -4131, 6511, -5.468, 0, 0, 0, 4, 0, 0),
(387, 'trikz_lucky', 1, 221, 7631, -554.437, 38, 6511, -427.437, 0, 0, 0, 4, 0, 0),
(388, 'trikz_daemon', 7, -2848, 4411, 577.031, -2811, 4348, 704.031, -2767.7, 4380.33, 578.031, 0, 0, 0),
(389, 'trikz_alpha', 0, -1404, -14147, 65.029, -1156, -14397, 192.031, 0, 0, 0, 0, 0, 0),
(390, 'trikz_alpha', 1, 6076, 15300, -1982.97, 5828, 15804, -1855.97, 0, 0, 0, 0, 0, 0),
(391, 'trikz_alpha', 0, 6652, 15300, -1982.97, 6403, 15804, -1855.97, 0, 0, 0, 2, 0, 0),
(392, 'trikz_alpha', 1, 15492, -9084, -958.968, 15997, -8836, -830.493, 0, 0, 0, 2, 0, 0),
(393, 'trikz_alpha', 0, 15996, -9348, -958.968, 15491, -9532, -831.968, 0, 0, 0, 4, 0, 0),
(394, 'trikz_alpha', 1, 12675, -7461, -798.968, 13181, -7211, -671.968, 0, 0, 0, 4, 0, 0),
(395, 'trikz_soft', 0, 8256, 1888, 33.031, 8448, 1632, 160.031, 0, 0, 0, 0, 0, 0),
(396, 'trikz_soft', 1, 12216, -6104, 385.031, 11944, -6344, 512.031, 0, 0, 0, 0, 0, 0),
(397, 'trikz_soft', 0, 13560, -5936, 385.031, 13224, -6512, 512.031, 0, 0, 0, 4, 0, 0),
(398, 'trikz_soft', 1, 15336, -1760, 185.031, 15768, -1328, 312.031, 0, 0, 0, 4, 0, 0),
(399, 'trikz_dawn', 0, 1360, 208, 33.031, 624, 592, 160.031, 0, 0, 0, 0, 0, 0),
(400, 'trikz_dawn', 1, 13840, -15344, -2878.97, 13456, -14608, -2751.97, 0, 0, 0, 0, 0, 0),
(401, 'trikz_dawn', 0, 14384, 4944, 9601.03, 14864, 4560, 9728.03, 0, 0, 0, 4, 0, 0),
(402, 'trikz_dawn', 1, 15344, 14160, 5729.03, 13904, 13712, 5856.03, 0, 0, 0, 4, 0, 0),
(403, 'trikz_measuregeneric', 12, -10560, 9392, -30.968, -10144, 8784, 96.031, -10376.6, 9088.22, -29.968, 0, 0, 1),
(404, 'trikz_measuregeneric', 12, 6448, 6064, -30.968, 5712, 5584, 96.031, 6078.58, 5823.68, -29.968, 0, 0, 2),
(405, 'trikz_measuregeneric', 12, 5584, -11184, -2158.97, 5872, -12240, -2031.97, 0, 0, 0, 0, 0, 3),
(406, 'trikz_suicidal_final', 0, -14112, 14270, 12129, -13790, 14594, 12256, 0, 0, 0, 0, 0, 0),
(407, 'trikz_suicidal_final', 1, -208, -976, -206.968, 208, -528, -79.968, 0, 0, 0, 0, 0, 0),
(408, 'trikz_insomnia', 0, -13424, 11216, 4605.03, -13200, 10992, 4732.03, 0, 0, 0, 0, 0, 0),
(409, 'trikz_insomnia', 1, 8172, 10552, -702.968, 7700, 11016, -575.968, 0, 0, 0, 0, 0, 0);

-- --------------------------------------------------------

--
-- Структура таблицы `playertimes`
--

CREATE TABLE `playertimes` (
  `id` int(11) NOT NULL,
  `auth` int(11) DEFAULT NULL,
  `partner` int(11) DEFAULT NULL,
  `map` varchar(128) DEFAULT NULL,
  `time` float DEFAULT NULL,
  `jumps` int(11) DEFAULT NULL,
  `style` tinyint(4) DEFAULT NULL,
  `firstdate` int(11) DEFAULT NULL,
  `date` int(11) DEFAULT NULL,
  `strafes` int(11) DEFAULT NULL,
  `nades` int(11) DEFAULT NULL,
  `sync` float DEFAULT NULL,
  `points` float NOT NULL DEFAULT 0,
  `track` tinyint(4) NOT NULL DEFAULT 0,
  `perfs` float DEFAULT 0,
  `completions` smallint(6) DEFAULT 0
) ENGINE=InnoDB DEFAULT CHARSET=utf8mb4;

--
-- Дамп данных таблицы `playertimes`
--

INSERT INTO `playertimes` (`id`, `auth`, `partner`, `map`, `time`, `jumps`, `style`, `firstdate`, `date`, `strafes`, `nades`, `sync`, `points`, `track`, `perfs`, `completions`) VALUES
(1, 120192594, 120192594, 'trikz_cyrus', 11.78, 19, 0, 1598968352, 1607222736, 36, 0, 92.62, 17.8423, 4, 81.25, 232),
(3, 120192594, 120192594, 'trikz_blue', 59.766, 80, 0, 1597685767, 1597685767, 147, 0, 91.79, 19.7461, 4, 81.53, 7),
(4, 120192594, 120192594, 'trikz_brink', 8.15009, 12, 0, 1595861149, 1595861149, 27, 0, 90.98, 18.7691, 4, 100, 21),
(5, 120192594, 170352963, 'trikz_cyrus', 439.117, 268, 0, 1588756143, 1588756143, 594, 99, 74.56, 111.088, 0, 95, 36),
(6, 170352963, 120192594, 'trikz_cyrus', 37.3297, 0, 0, 1587562440, 1587562440, 0, NULL, 0, 11.8568, 2, 0, 20),
(7, 170352963, 170352963, 'trikz_cyrus', 13.2302, 21, 0, 1591263125, 1591263125, 33, 0, 86.86, 15.8866, 4, 95, 9),
(8, 170352963, 120192594, 'trikz_revolution_final', 787.527, 0, 0, 1587566983, 1587566983, 0, NULL, 0, 48.7505, 0, 0, 2),
(9, 120192594, 120192594, 'trikz_concret', 22.2004, 37, 0, 1587572627, 1587572627, 26, NULL, 94.39, 15.6813, 4, 100, 2),
(10, 120192594, 120192594, 'trikz_dev_final', 12.0602, 20, 0, 1595859600, 1595859600, 26, 0, 94.54, 18.7763, 4, 93.33, 11),
(11, 120192594, 120192594, 'trikz_extreme_final', 14.7202, 23, 0, 1599313685, 1599313685, 38, 0, 94.38, 18.3682, 4, 100, 4),
(13, 120192594, 170352963, 'trikz_fapfap', 272.715, 0, 0, 1587582917, 1587582917, 0, NULL, 0, 151.483, 0, 0, 4),
(18, 75115492, 170352963, 'trikz_minecraft', 2767.93, 0, 0, 1587589223, 1587589223, 0, NULL, 0, 18.8151, 0, 0, 1),
(19, 120192594, 15078213, 'trikz_minecraft', 364.975, 0, 0, 1587598199, 1587598199, 0, NULL, 0, 142.692, 0, 0, 9),
(20, 120192594, 120192594, 'trikz_fpsgamerz_banana_v2', 7.86009, 14, 0, 1604519127, 1604519127, 36, 0, 86.29, 18.8568, 4, 100, 4),
(21, 120192594, 120192594, 'trikz_greg', 11.8302, 15, 0, 1592471511, 1606746649, 34, 0, 82.18, 17.4434, 4, 100, 11),
(22, 120192594, 120192594, 'trikz_insanity', 20.8204, 32, 0, 1599408487, 1599408487, 55, 0, 91.83, 18.481, 4, 85.71, 11),
(23, 120192594, 120192594, 'trikz_inspaire', 16.4403, 26, 0, 1597667681, 1597667681, 44, 0, 92.6, 18.7306, 4, 60, 4),
(24, 120192594, 120192594, 'trikz_krepix', 7.42007, 12, 0, 1596449779, 1596449779, 29, 0, 88.46, 17.3894, 4, 100, 23),
(25, 119414284, 170352963, 'trikz_minecraft', 789.939, 0, 0, 1587650971, 1587650971, 0, NULL, 0, 65.9277, 0, 0, 1),
(26, 120192594, 120192594, 'trikz_aroundtheworld_v3', 15.2103, 24, 0, 1596387458, 1596387458, 58, 0, 90.46, 19.0035, 4, 100, 5),
(27, 120192594, 120192594, 'trikz_measuregeneric', 12.2602, 19, 0, 1604767327, 1604767327, 37, 0, 92.62, 18.0172, 4, 70.58, 27),
(28, 120192594, 120192594, 'trikz_measuregeneric2', 10.6301, 15, 0, 1604766508, 1604766508, 32, 0, 93.07, 18.9272, 4, 83.33, 21),
(29, 120192594, 120192594, 'trikz_myinstyle', 23.5104, 15, 0, 1595923896, 1595923896, 42, 0, 91.99, 15.3348, 4, 100, 2),
(30, 120192594, 120192594, 'trikz_oof', 20.8104, 24, 0, 1595922554, 1595922554, 36, 0, 94.33, 18.7606, 4, 93.33, 3),
(31, 120192594, 170352963, 'trikz_overdriver', 454.582, 0, 0, 1587665854, 1587665854, 0, NULL, 0, 73.1232, 0, 0, 2),
(32, 120192594, 120192594, 'trikz_proud', 34.8202, 64, 0, 1590587097, 1590587097, 49, 0, 94.26, 17.5455, 4, 100, 8),
(33, 120192594, 120192594, 'trikz_randomraider_fix', 14.6402, 21, 0, 1602686340, 1606229120, 34, 0, 92.94, 18.994, 4, 100, 10),
(34, 120192594, 120192594, 'trikz_sakura_final', 8.5501, 11, 0, 1595937006, 1606146622, 25, 0, 92.95, 18.4696, 4, 62.5, 16),
(35, 120192594, 170352963, 'trikz_short', 175.063, 0, 0, 1587671917, 1587671917, 0, NULL, 0, 39.0484, 0, 0, 6),
(36, 120192594, 120192594, 'trikz_vintage_final', 10.0901, 16, 0, 1589025256, 1589025256, 31, 0, 93.42, 18.1619, 4, 100, 8),
(37, 170352963, 170352963, 'trikz_vintage_final', 11.7302, 18, 0, 1589023954, 1589023954, 32, 0, 86.96, 15.6225, 4, 92.3, 4),
(38, 170352963, 170352963, 'trikz_visuals', 18.6103, 33, 0, 1591215995, 1591215995, 44, 0, 88.22, 17.5425, 4, 100, 5),
(39, 120192594, 120192594, 'trikz_visuals', 17.1503, 30, 0, 1595923710, 1595923710, 32, 0, 93.55, 19.0358, 4, 75, 4),
(40, 152937262, 120192594, 'trikz_cyrus', 327.949, 0, 0, 1587681294, 1587681294, 0, NULL, 0, 148.744, 0, 0, 35),
(42, 120192594, 152937262, 'trikz_move', 6.24005, 0, 0, 1587683515, 1587683515, 0, NULL, 0, 15.6668, 2, 0, 1),
(43, 119414284, 170352963, 'trikz_go', 1002.45, 0, 0, 1587770679, 1587770679, 0, NULL, 0, 61.6144, 0, 0, 1),
(44, 170352963, 119414284, 'trikz_shutthefuckup', 339.24, 0, 0, 1587771640, 1587771640, 0, NULL, 0, 41.7828, 0, 0, 1),
(45, 170352963, 119414284, 'trikz_greg', 1623.82, 1045, 0, 1589318876, 1589318876, 2237, 657, 71.91, 42.1935, 0, 79.54, 3),
(46, 119414284, 170352963, 'trikz_cyrus', 1160.51, 0, 0, 1587775823, 1587775823, 0, NULL, 0, 42.0336, 0, 0, 2),
(47, 156370518, 156370518, 'trikz_kyoto_fix', 18.2103, 10, 0, 1587913096, 1587913096, 25, NULL, 92.77, 13.7825, 4, 66.66, 2),
(48, 152937262, 120192594, 'trikz_greg', 389.379, 0, 0, 1587941702, 1587941702, 0, NULL, 0, 175.959, 0, 0, 3),
(49, 152937262, 120192594, 'trikz_shutthefuckup', 168.677, 0, 0, 1587946002, 1587946002, 0, NULL, 0, 84.0327, 0, 0, 6),
(50, 120192594, 152937262, 'trikz_go', 355.576, 0, 0, 1587949718, 1587949718, 0, NULL, 0, 173.705, 0, 0, 5),
(51, 120192594, 152937262, 'trikz_go', 204.777, 0, 0, 1587948064, 1587948064, 0, NULL, 0, 21.0535, 2, 0, 2),
(52, 120192594, 152937262, 'trikz_short', 117.657, 0, 0, 1587950055, 1587950055, 0, NULL, 0, 58.1005, 0, 0, 4),
(53, 152937262, 120192594, 'trikz_eonia', 478.696, 0, 0, 1587950720, 1587950720, 0, NULL, 0, 134.056, 0, 0, 8),
(54, 120192594, 152937262, 'trikz_eonia', 9.26012, 0, 0, 1587951232, 1587951232, 0, NULL, 0, 11.4159, 2, 0, 6),
(55, 120192594, 120192594, 'trikz_eonia', 13.0802, 11, 0, 1587951672, 1587951672, 27, NULL, 89.76, 16.9024, 4, 100, 6),
(56, 120192594, 152937262, 'trikz_overdriver', 340.281, 0, 0, 1587952150, 1587952150, 0, NULL, 0, 97.6854, 0, 0, 1),
(57, 120192594, 152937262, 'trikz_overdriver', 13.9602, 0, 0, 1587955936, 1587955936, 0, NULL, 0, 18.9827, 2, 0, 6),
(58, 120192594, 152937262, 'trikz_fapfap', 248.063, 0, 0, 1587957185, 1587957185, 0, NULL, 0, 166.538, 0, 0, 1),
(60, 120192594, 152937262, 'trikz_revolution_final', 526.593, 0, 0, 1587958072, 1587958072, 0, NULL, 0, 72.9071, 0, 0, 2),
(61, 61148119, 120192594, 'trikz_cyrus', 300.952, 0, 0, 1588015798, 1588015798, 0, NULL, 0, 162.087, 0, 0, 33),
(62, 120192594, 120192594, 'trikz_bop', 14.3902, 22, 0, 1596657374, 1596657374, 34, 0, 93.41, 18.0817, 4, 100, 9),
(63, 1055201960, 1055201960, 'trikz_cyrus', 11.8702, 19, 0, 1588283165, 1588283165, 45, 0, 97.59, 17.7067, 4, 88.88, 1),
(64, 224914514, 120192594, 'trikz_cyrus', 665.398, 388, 0, 1588316466, 1588316466, 777, 127, 79.05, 73.3102, 0, 95, 32),
(65, 120192594, 152937262, 'trikz_asdfsda_final', 386.346, 476, 0, 1588396077, 1588396077, 899, 42, 81.8, 159.359, 0, 96.96, 7),
(66, 120192594, 152937262, 'trikz_penguin_fix', 835.524, 495, 0, 1588397939, 1588397939, 1093, 119, 78.62, 94.9821, 0, 94.99, 3),
(67, 120192594, 120192594, 'trikz_green', 18.1803, 19, 0, 1595759610, 1595759610, 53, 0, 91.44, 17.6705, 4, 100, 8),
(68, 135236385, 135236385, 'trikz_green', 18.2303, 19, 0, 1588420403, 1588420403, 48, 0, 92.75, 17.622, 4, 78.57, 1),
(69, 120192594, 120192594, 'trikz_kyoto_fix', 13.2302, 4, 0, 1603636966, 1603636966, 25, 0, 91.76, 18.9705, 4, 100, 10),
(70, 120192594, 120192594, 'trikz_cyrus', 22.1904, 35, 1, 1603757037, 1603757037, 45, 0, 97.43, 13.9288, 4, 100, 5),
(71, 120192594, 120192594, 'trikz_cyrus', 15.7903, 25, 3, 1603756438, 1603756438, 23, 0, 98.24, 19.9055, 4, 100, 4),
(72, 170352963, 120192594, 'trikz_absinthe', 385.725, 285, 0, 1588757917, 1588757917, 578, 70, 72.52, 83.0949, 0, 95.45, 6),
(73, 120192594, 120192594, 'trikz_cyrus', 21.5404, 34, 2, 1603756576, 1603756576, 0, 0, 92.48, 19.5615, 4, 100, 2),
(74, 120192594, 170352963, 'trikz_daemon', 293.705, 400, 0, 1588946157, 1588946157, 680, 48, 82.4, 94.5803, 0, 78.53, 7),
(75, 170352963, 120192594, 'trikz_asdfsda_final', 501.888, 503, 0, 1588939687, 1588939687, 931, 80, 80.67, 122.672, 0, 91.45, 4),
(76, 170352963, 38371708, 'trikz_daemon', 402.421, 398, 0, 1588945642, 1588945642, 650, 56, 81.91, 69.029, 0, 83.07, 1),
(77, 52662532, 120192594, 'trikz_daemon', 593.728, 530, 0, 1588972308, 1588972308, 805, 94, 80.18, 46.7869, 0, 85.45, 3),
(78, 120192594, 120192594, 'trikz_vintage_final', 14.9202, 23, 3, 1595835421, 1595835421, 23, 0, 97.43, 22.7984, 4, 76.47, 2),
(79, 120192594, 120192594, 'trikz_shinsekai_final', 41.1191, 65, 0, 1602686671, 1602686671, 76, 0, 90.12, 16.4999, 4, 98.3, 7),
(80, 120192594, 120192594, 'trikz_sakura_final', 33.1204, 49, 1, 1589234218, 1589234218, 38, 0, 96.99, 25.0733, 4, 69.04, 1),
(81, 120192594, 120192594, 'trikz_sakura_final', 14.6002, 20, 3, 1589234384, 1589234384, 17, 0, 98.53, 22.792, 4, 78.57, 1),
(82, 167164840, 167164840, 'trikz_extra', 53.417, 39, 0, 1590512131, 1590512131, 40, 0, 83.95, 10.2501, 4, 75, 1),
(83, 120192594, 120192594, 'trikz_aportal', 19.2703, 27, 0, 1590665268, 1590665268, 32, 0, 92.03, 17.9954, 4, 100, 15),
(84, 83111642, 33128695, 'trikz_visuals', 859.908, 657, 0, 1590775553, 1590775553, 1051, 135, 82.56, 37.5246, 0, 91.95, 1),
(85, 1099009937, 1099009937, 'trikz_measuregeneric', 12.0502, 18, 0, 1590830074, 1590830074, 54, 0, 96.86, 18.3312, 4, 85.71, 30),
(86, 170352963, 120192594, 'trikz_greg', 466.184, 396, 0, 1590841465, 1590841465, 726, 123, 80.4, 146.969, 0, 84.01, 3),
(87, 120192594, 170352963, 'trikz_minecraft', 1010.89, 583, 0, 1590842748, 1590842748, 987, 208, 82.78, 51.5178, 0, 84.05, 6),
(88, 170352963, 170352963, 'trikz_measuregeneric', 14.1602, 22, 0, 1591267660, 1591267660, 44, 0, 86.34, 15.5997, 4, 100, 3),
(89, 170352963, 120192594, 'trikz_failtime', 786.666, 545, 0, 1591096223, 1591096223, 1145, 129, 73.42, 202.444, 0, 96.61, 2),
(90, 120192594, 371538929, 'trikz_daemon', 391.881, 531, 0, 1591110167, 1606662079, 844, 85, 85.44, 70.8856, 0, 94.61, 3),
(91, 371538929, 839661965, 'trikz_advanced', 2784.16, 2083, 0, 1591134321, 1591134321, 2755, 521, 78.26, 21.3841, 0, 80.99, 3),
(92, 839661965, 371538929, 'trikz_daemon', 1102.4, 890, 0, 1591135468, 1591135468, 1378, 184, 82.86, 25.1984, 0, 83.32, 2),
(93, 358827328, 371538929, 'trikz_dev_final', 1383.89, 995, 0, 1591184601, 1591184601, 1474, 194, 76.6, 28.1487, 0, 84, 1),
(94, 371538929, 120192594, 'trikz_asdfsda_final', 736.037, 679, 0, 1591187485, 1591187485, 1399, 84, 81.46, 83.6477, 0, 92.29, 5),
(95, 371538929, 120192594, 'trikz_greg', 623.437, 585, 0, 1602879192, 1602879192, 1080, 117, 80.95, 109.898, 0, 90.34, 6),
(96, 371538929, 120192594, 'trikz_shutthefuckup', 323.134, 251, 0, 1594387939, 1594387939, 460, 50, 76.31, 43.8653, 0, 94.11, 6),
(97, 371538929, 120192594, 'trikz_devision', 1703.49, 817, 0, 1602877357, 1602877357, 1788, 398, 71.23, 40.283, 0, 79.14, 4),
(98, 120192594, 152937262, 'trikz_devision', 487.765, 300, 0, 1591195502, 1591195502, 618, 73, 78.69, 140.686, 0, 96.72, 2),
(99, 170352963, 152937262, 'trikz_absinthe', 330.351, 252, 0, 1591213002, 1591213002, 564, 58, 79, 97.0234, 0, 82.61, 3),
(100, 417006016, 152937262, 'trikz_visuals', 365.135, 543, 0, 1591215426, 1591215426, 934, 46, 83.93, 88.372, 0, 88.19, 2),
(101, 417006016, 417006016, 'trikz_visuals', 20.4504, 36, 0, 1591215929, 1591215929, 49, 0, 93.58, 15.964, 4, 95.83, 1),
(102, 417006016, 1063610467, 'trikz_visuals', 332.163, 415, 0, 1591217482, 1591217482, 737, 33, 83.09, 97.1442, 0, 80.95, 1),
(103, 152937262, 152937262, 'trikz_vintage_final', 10.9302, 17, 0, 1591219055, 1591219055, 33, 0, 88.01, 16.7659, 4, 93.33, 2),
(104, 221890299, 221890299, 'trikz_vintage_final', 9.69013, 15, 0, 1591219123, 1591219123, 32, 0, 89.36, 18.9115, 4, 72.72, 1),
(105, 120192594, 170352963, 'trikz_penguin_fix', 1065.05, 706, 0, 1591264426, 1591264426, 1447, 257, 70.32, 74.5127, 0, 91.04, 2),
(106, 120192594, 120192594, 'trikz_someday', 11.7402, 10, 0, 1592394131, 1592394131, 22, 0, 93.82, 18.9457, 4, 100, 40),
(107, 83111642, 33128695, 'trikz_mom', 370.7, 208, 0, 1591456725, 1591456725, 406, 79, 82.03, 99.7133, 0, 86.11, 1),
(108, 33128695, 83111642, 'trikz_mom', 64.6154, 67, 0, 1591456835, 1591456835, 68, 18, 84.08, 10.229, 2, 83.33, 1),
(109, 83111642, 33128695, 'trikz_howtodo', 195.772, 179, 0, 1591457584, 1591457584, 249, 29, 84.23, 55.505, 0, 93.3, 1),
(110, 170352963, 170352963, 'trikz_myinstyle', 26.1905, 20, 0, 1591565975, 1591565975, 12, 0, 97.55, 13.7656, 4, 66.66, 1),
(113, 170352963, 170352963, 'trikz_someday', 13.3802, 13, 0, 1591628165, 1591628165, 29, 0, 88.47, 16.6235, 4, 81.81, 2),
(114, 1099009937, 1099009937, 'trikz_shinsekai_final', 226.295, 303, 0, 1591717799, 1591717799, 492, 0, 85.03, 2.99813, 4, 85.36, 1),
(115, 160539706, 120192594, 'trikz_cyrus', 1291.29, 773, 0, 1591878322, 1591878322, 1794, 250, 76.16, 37.7765, 0, 94.36, 27),
(116, 160539706, 160539706, 'trikz_cyrus', 30.4906, 45, 0, 1591878927, 1591878927, 61, 0, 84.85, 6.89335, 4, 94.73, 1),
(117, 160539706, 120192594, 'trikz_greg', 1420.67, 925, 0, 1591880445, 1591880445, 2036, 367, 76.98, 48.227, 0, 89.34, 3),
(118, 160539706, 160539706, 'trikz_greg', 15.2303, 18, 0, 1591881068, 1591881068, 32, 0, 79.48, 13.5492, 4, 100, 4),
(119, 1099009937, 120192594, 'trikz_greg', 403.252, 366, 0, 1591881624, 1591881624, 629, 100, 79.88, 169.905, 0, 80.4, 3),
(120, 120192594, 371538929, 'trikz_forfun', 314.836, 309, 0, 1598814586, 1598814586, 589, 71, 84, 131.647, 0, 94.96, 12),
(121, 120192594, 371538929, 'trikz_cool', 984.93, 612, 0, 1602878466, 1602878466, 1446, 247, 76.79, 215.662, 0, 77.71, 2),
(122, 120192594, 371538929, 'trikz_eonia', 467.085, 491, 0, 1603485948, 1603485948, 1051, 80, 83.55, 137.388, 0, 97.12, 10),
(123, 371538929, 120192594, 'trikz_overdriver', 386.025, 448, 0, 1591965821, 1591965821, 762, 58, 82.59, 86.1097, 0, 96.07, 1),
(124, 371538929, 120192594, 'trikz_fapfap', 744.385, 561, 0, 1591966791, 1591966791, 784, 116, 81.13, 55.4979, 0, 93.2, 1),
(125, 120192594, 371538929, 'trikz_absinthe', 1131.61, 885, 0, 1591967987, 1591967987, 1356, 163, 81.33, 28.324, 0, 95.92, 2),
(126, 120192594, 120192594, 'trikz_someday', 45.7283, 63, 3, 1592394437, 1592394437, 51, 0, 97.57, 23.4146, 4, 100, 1),
(127, 12298050, 12298050, 'trikz_greg', 12.4102, 15, 0, 1592405662, 1592405662, 34, 0, 80.6, 16.6282, 4, 100, 1),
(128, 855579619, 34103790, 'trikz_dev_final', 925.922, 802, 0, 1593190335, 1593190335, 1211, 149, 84.15, 42.0712, 0, 84.65, 1),
(129, 170352963, 170352963, 'trikz_dev_final', 12.7902, 21, 0, 1593248546, 1593248546, 37, 0, 87.25, 17.7047, 4, 84.21, 5),
(130, 120192594, 120192594, 'trikz_affinity', 10.3001, 17, 0, 1597829086, 1597829086, 33, 0, 91.48, 17.4028, 4, 100, 26),
(131, 120192594, 120192594, 'trikz_advanced', 13.3002, 18, 0, 1595923028, 1595923028, 40, 0, 91.58, 18.9573, 4, 100, 32),
(132, 120192594, 120192594, 'trikz_e1m', 21.5804, 31, 0, 1595926969, 1595926969, 36, 0, 96.06, 17.0836, 4, 100, 3),
(133, 120192594, 120192594, 'trikz_bbdd', 29.4306, 41, 0, 1599055518, 1599055518, 57, 0, 92.9, 18.8719, 4, 100, 3),
(134, 120192594, 120192594, 'trikz_penguin_fix', 174.453, 96, 0, 1596099152, 1596099152, 210, 0, 82.56, 3.60995, 4, 75, 2),
(135, 120192594, 120192594, 'trikz_affinity', 20.3404, 32, 1, 1596212569, 1596212569, 64, 0, 95.42, 24.7966, 4, 78.57, 1),
(136, 120192594, 120192594, 'trikz_affinity', 17.6603, 28, 3, 1596212684, 1596212684, 25, 0, 96.38, 22.8532, 4, 75, 1),
(137, 120192594, 120192594, 'trikz_tanyaisawhore', 9.06011, 15, 0, 1596298251, 1596298251, 23, 0, 93.39, 18.7538, 4, 75, 4),
(138, 120192594, 120192594, 'trikz_krepix', 8.06009, 13, 1, 1596450159, 1596450159, 23, 0, 92.8, 24.5308, 4, 100, 3),
(139, 120192594, 120192594, 'trikz_krepix', 10.7702, 17, 2, 1596450314, 1596450314, 0, 0, 88.64, 25.1762, 4, 100, 3),
(140, 120192594, 120192594, 'trikz_krepix', 8.87011, 14, 3, 1596450364, 1596450364, 13, 0, 98.67, 22.6774, 4, 100, 2),
(141, 371538929, 371538929, 'trikz_krepix', 10.1101, 16, 0, 1596451257, 1596451257, 33, 0, 81.6, 12.7626, 4, 62.5, 1),
(142, 120192594, 371538929, 'trikz_cyrus', 571.256, 431, 0, 1603119623, 1603119623, 1031, 167, 73.32, 85.3916, 0, 90.72, 30),
(147, 120192594, 120192594, 'trikz_pure_fix', 10.1101, 16, 0, 1596644909, 1596644909, 39, 0, 84.8, 17.2019, 4, 100, 9),
(148, 120192594, 120192594, 'trikz_pure_fix', 10.3701, 16, 1, 1596644946, 1596644946, 38, 0, 96.62, 22.3103, 4, 100, 3),
(149, 120192594, 120192594, 'trikz_pure_fix', 13.3502, 21, 2, 1596644965, 1596644965, 0, 0, 81.78, 24.4688, 4, 95, 2),
(150, 120192594, 120192594, 'trikz_pure_fix', 12.3602, 19, 3, 1596644984, 1596644984, 28, 0, 90.93, 22.0963, 4, 92.85, 2),
(151, 171663478, 52811, 'trikz_daemon', 831.19, 1014, 0, 1596817214, 1596817214, 1512, 191, 82.88, 33.4204, 0, 40.81, 2),
(152, 180876339, 52811, 'trikz_dev_final', 727.999, 657, 0, 1596898164, 1596898164, 1233, 126, 71.03, 53.5092, 0, 46.9, 1),
(153, 180876339, 180876339, 'trikz_dev_final', 12.3302, 20, 0, 1596898787, 1596898787, 32, 0, 87.18, 18.3652, 4, 100, 5),
(154, 180876339, 180876339, 'trikz_dev_final', 35.0201, 54, 3, 1596899013, 1596899013, 115, 0, 82.1, 23.2004, 4, 87.75, 1),
(155, 180876339, 52811, 'trikz_daemon', 665.938, 668, 0, 1596899814, 1596899814, 1156, 96, 75.16, 41.7137, 0, 48.03, 1),
(156, 180876339, 52811, 'trikz_howtodo', 520.717, 378, 0, 1596900468, 1596900468, 626, 126, 68.25, 20.868, 0, 46.78, 1),
(157, 171663478, 171663478, 'trikz_advanced', 15.8103, 21, 0, 1597084557, 1597084557, 50, 0, 91.02, 15.9475, 4, 76.92, 3),
(158, 52811, 52811, 'trikz_advanced', 20.6404, 30, 1, 1597084714, 1597084714, 61, 0, 92.74, 24.8031, 4, 0, 1),
(159, 52811, 52811, 'trikz_advanced', 24.0405, 35, 3, 1597084800, 1597084800, 32, 0, 98.41, 20.6725, 4, 0, 1),
(160, 171663478, 171663478, 'trikz_advanced', 36.08, 43, 2, 1597084838, 1597084838, 0, 0, 66.11, 25.7373, 4, 65.51, 1),
(161, 171663478, 171663478, 'trikz_advanced', 21.6704, 31, 3, 1597084868, 1597084868, 31, 0, 98.7, 22.9334, 4, 66.66, 1),
(162, 355500889, 52811, 'trikz_advanced', 537.253, 463, 0, 1597088581, 1597088581, 826, 113, 79.84, 110.817, 0, 49.06, 2),
(163, 371538929, 371538929, 'trikz_cyrus', 17.3203, 28, 0, 1597146594, 1597146594, 39, 0, 88.91, 12.135, 4, 100, 3),
(164, 52811, 52811, 'trikz_fpsgamerz_banana_v2', 10.3301, 18, 0, 1597298894, 1597298894, 23, 0, 95.07, 14.348, 4, 0, 1),
(165, 900377920, 900377920, 'trikz_cyrus', 16.6603, 26, 0, 1597424402, 1597424402, 37, 0, 96.26, 12.6158, 4, 61.9, 2),
(166, 120192594, 120192594, 'trikz_learn', 20.8104, 32, 0, 1600782500, 1600782500, 50, 0, 94.29, 18.7325, 4, 84.61, 4),
(167, 171663478, 153576258, 'trikz_daemon', 553.909, 646, 0, 1597589181, 1597589181, 1040, 151, 80.45, 50.1503, 0, 79.44, 1),
(168, 1108684233, 1108684233, 'trikz_cyrus', 11.8802, 19, 0, 1601746437, 1601746437, 40, 0, 96, 17.6918, 4, 94.11, 2),
(169, 1108684233, 307685963, 'trikz_daemon', 1167.59, 891, 0, 1598087859, 1598087859, 1475, 279, 82, 23.7915, 0, 87.52, 1),
(170, 120192594, 851489408, 'trikz_go', 499.376, 483, 0, 1598533927, 1598533927, 856, 103, 83.77, 123.685, 0, 93.1, 3),
(172, 1224742, 1224742, 'trikz_insanity', 21.6204, 33, 0, 1598938438, 1598938438, 78, 0, 86.6, 17.7972, 4, 87.5, 2),
(173, 120192594, 851489408, 'trikz_asdfsda_final', 354.575, 425, 0, 1599045604, 1599045604, 897, 38, 84.49, 173.638, 0, 89.54, 3),
(174, 346817812, 346817812, 'trikz_cyrus', 11.3002, 18, 0, 1599169683, 1599169683, 37, 0, 96.61, 18.5999, 4, 100, 2),
(175, 1224742, 1224742, 'trikz_extreme_final', 15.0002, 23, 0, 1599245755, 1599245755, 49, 0, 88.47, 18.0253, 4, 90, 5),
(176, 120192594, 851489408, 'trikz_cyrus', 288.27, 214, 0, 1603021892, 1603021892, 586, 60, 77.21, 169.218, 0, 92.6, 23),
(177, 120192594, 851489408, 'trikz_adventure', 775.706, 754, 0, 1599748718, 1599748718, 1310, 82, 80.94, 201.714, 0, 90.18, 6),
(178, 120192594, 851489408, 'trikz_proud', 491.048, 532, 0, 1599749339, 1599749339, 1124, 55, 84.15, 182.737, 0, 90.85, 2),
(179, 120192594, 851489408, 'trikz_hammer', 669.842, 602, 0, 1599750058, 1599750058, 1525, 96, 81.1, 194.656, 0, 90.42, 3),
(180, 851489408, 120192594, 'trikz_randomraider_fix', 418.327, 414, 0, 1599750553, 1599750553, 919, 68, 83.48, 177.888, 0, 97.7, 1),
(181, 120192594, 851489408, 'trikz_affinity', 1038.08, 921, 0, 1599752395, 1599752395, 1841, 211, 81.44, 247.882, 0, 76.58, 1),
(182, 120192594, 149448658, 'trikz_legends_b1', 484.692, 352, 0, 1599832782, 1599832782, 701, 116, 75.79, 153.285, 0, 91.56, 2),
(183, 906874878, 211321650, 'trikz_extreme_final', 1090.04, 832, 0, 1600344709, 1600344709, 1048, 245, 78.34, 50.0214, 0, 83.34, 1),
(184, 906874878, 1224742, 'trikz_eonia', 2211.03, 1055, 0, 1600352837, 1600352837, 3000, 432, 73.14, 29.0236, 0, 81.14, 1),
(185, 34267309, 1224742, 'trikz_daemon', 404.153, 473, 0, 1600355092, 1600355092, 823, 68, 79.98, 68.7332, 0, 89.26, 2),
(186, 120192594, 851489408, 'trikz_exssses', 1112.48, 1083, 0, 1600611208, 1600611208, 2011, 144, 84.59, 299.165, 0, 86.81, 2),
(187, 120192594, 851489408, 'trikz_revolution_final', 382.112, 428, 0, 1600611921, 1600611921, 1069, 78, 81.98, 100.474, 0, 91.72, 1),
(188, 120192594, 120192594, 'trikz_learn', 22.8904, 35, 1, 1600783327, 1600783327, 61, 0, 97.12, 24.8518, 4, 81.25, 2),
(189, 120192594, 120192594, 'trikz_learn', 26.8605, 41, 3, 1600783364, 1600783364, 25, 0, 98.28, 23.0372, 4, 85.71, 1),
(190, 120192594, 120192594, 'trikz_learn', 32.1106, 47, 2, 1600783408, 1600783408, 1, 0, 92.59, 25.6493, 4, 81.57, 1),
(191, 120192594, 120192594, 'trikz_hooC_b', 8.96011, 2, 0, 1601211857, 1601211857, 12, 0, 94.18, 18.3254, 4, 100, 13),
(192, 101384907, 101384907, 'trikz_hooC_b', 8.7301, 1, 0, 1601213902, 1601213902, 11, 0, 96.9, 18.8083, 4, 100, 6),
(193, 101384907, 101384907, 'trikz_hooC_b', 10.4901, 2, 1, 1601217215, 1601217215, 6, 0, 97.69, 24.5834, 4, 100, 1),
(197, 120192594, 851489408, 'trikz_learn', 300.732, 414, 0, 1601552905, 1601552905, 803, 63, 84.43, 83.4565, 0, 84.95, 3),
(198, 120192594, 82789105, 'trikz_shutthefuckup', 179.441, 157, 0, 1601558338, 1601558338, 259, 40, 78.5, 78.9919, 0, 83.11, 2),
(199, 120192594, 82789105, 'trikz_proud', 662.055, 656, 0, 1601559789, 1601559789, 1189, 72, 84.1, 135.536, 0, 96.72, 1),
(200, 120192594, 82789105, 'trikz_firsttime', 277.429, 239, 0, 1601560826, 1601560826, 440, 79, 78.55, 168.495, 0, 86, 1),
(201, 120192594, 82789105, 'trikz_go', 591.226, 472, 0, 1601561960, 1601561960, 1067, 120, 79.3, 104.47, 0, 97.98, 2),
(202, 82789105, 120192594, 'trikz_go', 195.842, 238, 0, 1601562159, 1601562159, 509, 21, 79.91, 22.014, 2, 97.51, 1),
(203, 82789105, 120192594, 'trikz_sun', 393.723, 338, 0, 1601563614, 1601563614, 613, 0, 81.12, 176.248, 0, 100, 1),
(204, 120192594, 82789105, 'trikz_skyway_fixed', 706.288, 645, 0, 1601564385, 1601564385, 867, 0, 81.91, 272.086, 0, 96.85, 1),
(205, 120192594, 851489408, 'trikz_short', 87.4403, 88, 0, 1601732277, 1601732277, 246, 15, 81.41, 78.1782, 0, 98.48, 5),
(206, 851489408, 851489408, 'trikz_sakura_final', 9.10011, 12, 0, 1601737881, 1601737881, 26, 0, 90.56, 17.3533, 4, 57.14, 2),
(207, 1108684233, 120192594, 'trikz_shutthefuckup', 287.76, 249, 0, 1601741685, 1601741685, 430, 78, 77.66, 49.2577, 0, 78.95, 2),
(208, 1108684233, 119826909, 'trikz_devision', 1934.91, 1320, 0, 1601826036, 1601826036, 2311, 696, 80.78, 35.465, 0, 85.34, 1),
(209, 172634980, 1108684233, 'trikz_devision', 845.023, 572, 0, 1601827589, 1601827589, 1110, 258, 80.53, 81.2068, 0, 84.11, 1),
(210, 212961367, 172634980, 'trikz_daemon', 349.68, 473, 0, 1601838184, 1601838184, 829, 43, 84.75, 79.4404, 0, 95.35, 1),
(211, 212961367, 212961367, 'trikz_extreme_final', 15.2503, 24, 0, 1601839264, 1601839264, 51, 0, 95.34, 17.7297, 4, 100, 8),
(212, 172634980, 172634980, 'trikz_extreme_final', 16.6803, 27, 0, 1601839660, 1601839660, 45, 0, 92.03, 16.2097, 4, 96.15, 1),
(213, 296699863, 296699863, 'trikz_extreme_final', 32.9105, 51, 0, 1601839775, 1601839775, 40, 0, 91.19, 8.21572, 4, 93.75, 2),
(214, 172634980, 212961367, 'trikz_measuregeneric', 1349.89, 603, 0, 1601844416, 1601844416, 1440, 399, 68.47, 314.993, 0, 89.43, 1),
(215, 212961367, 172634980, 'trikz_adventure', 2517.83, 1945, 0, 1601847256, 1601847256, 3662, 209, 76.25, 62.145, 0, 89.58, 1),
(216, 7831669, 7831669, 'trikz_dev_final', 12.0102, 20, 0, 1601900830, 1601900830, 39, 1, 93.46, 18.8545, 4, 57.14, 3),
(217, 888591939, 7831669, 'trikz_dev_final', 386.566, 430, 0, 1601902042, 1601902042, 832, 67, 82.59, 100.771, 0, 84.84, 1),
(218, 212961367, 212961367, 'trikz_insanity', 21.1704, 32, 0, 1601931608, 1601931608, 83, 0, 91.08, 18.1754, 4, 100, 14),
(219, 14744499, 34103790, 'trikz_concret', 316.498, 280, 0, 1602271773, 1602271773, 559, 91, 81.52, 39.4392, 0, 99.45, 1),
(220, 14744499, 14744499, 'trikz_concret', 29.9306, 42, 0, 1602271914, 1602271914, 85, 3, 83.2, 11.6313, 4, 100, 1),
(221, 14744499, 34103790, 'trikz_autist', 1161.12, 820, 0, 1602273189, 1602273189, 1688, 220, 80.59, 178, 0, 95.34, 1),
(222, 34103790, 14744499, 'trikz_minecraft', 572.437, 463, 0, 1602274060, 1602274060, 1097, 105, 79.89, 90.9775, 0, 95.84, 1),
(223, 14744499, 34103790, 'trikz_tanyaisawhore', 1327.4, 690, 0, 1602275528, 1602275528, 1437, 500, 77.58, 135.569, 0, 93.42, 1),
(224, 14744499, 14744499, 'trikz_tanyaisawhore', 59.2161, 71, 0, 1602275603, 1602275603, 123, 8, 82.08, 2.86935, 4, 90.16, 1),
(225, 34103790, 34103790, 'trikz_tanyaisawhore', 81.9791, 62, 0, 1603272635, 1603272635, 122, 0, 71.93, 2.07262, 4, 93.18, 2),
(226, 120192594, 851489408, 'trikz_desert_b7', 669.011, 531, 0, 1603379152, 1603379152, 1175, 121, 79.97, 194.601, 0, 94.23, 3),
(227, 120192594, 851489408, 'trikz_diversity_final', 907.384, 779, 0, 1604495663, 1604495663, 1980, 204, 76.77, 360.492, 0, 70.26, 5),
(228, 851489408, 120192594, 'trikz_clarity', 4267.97, 2747, 0, 1603817817, 1603817817, 7160, 930, 81.84, 659.531, 0, 84.28, 2),
(229, 58075991, 58075991, 'trikz_tanyaisawhore', 8.99011, 15, 0, 1602395119, 1602395119, 29, 0, 88.31, 18.8998, 4, 100, 2),
(230, 58075991, 58075991, 'trikz_inspaire', 16.1903, 26, 0, 1602469427, 1602469427, 34, 0, 91.59, 19.0198, 4, 91.3, 2),
(231, 58075991, 58075991, 'trikz_brink', 8.10009, 12, 0, 1602472312, 1602472312, 29, 0, 90.1, 18.885, 4, 100, 34),
(232, 58075991, 58075991, 'trikz_hooC_b', 8.6901, 1, 0, 1602475158, 1602475158, 12, 0, 95.56, 18.8948, 4, 100, 25),
(233, 58075991, 58075991, 'trikz_affinity', 10.1401, 17, 0, 1603141476, 1603141476, 36, 0, 88.37, 17.6774, 4, 100, 21),
(234, 1108684233, 1108684233, 'trikz_affinity', 9.54012, 16, 0, 1602504938, 1602504938, 38, 0, 93.84, 18.7891, 4, 90.9, 8),
(235, 58075991, 58075991, 'trikz_kyoto_fix', 13.4202, 4, 0, 1604034866, 1604034866, 17, 0, 92.72, 18.7019, 4, 100, 42),
(236, 58075991, 58075991, 'trikz_cyrus', 11.9702, 18, 0, 1602482761, 1611661179, 38, 0, 91.26, 17.5588, 4, 100, 5),
(237, 58075991, 58075991, 'trikz_measuregeneric', 12.2202, 19, 0, 1602922038, 1602922038, 35, 0, 91.01, 18.0762, 4, 100, 17),
(238, 58075991, 58075991, 'trikz_someday', 12.0202, 11, 0, 1602558464, 1602558464, 27, 0, 92.86, 18.5043, 4, 75, 6),
(239, 1108684233, 1108684233, 'trikz_green', 17.6203, 18, 0, 1602563408, 1602563408, 54, 0, 95.22, 18.2321, 4, 78.57, 1),
(240, 212961367, 212961367, 'trikz_learn', 21.5004, 33, 0, 1602620026, 1602620026, 63, 0, 92.29, 18.1314, 4, 88.88, 15),
(241, 212961367, 212961367, 'trikz_penguin_fix', 32.6405, 22, 0, 1602682314, 1602682314, 142, 0, 82.13, 19.294, 4, 100, 2),
(242, 120192594, 851489408, 'trikz_unorthodox', 937.513, 664, 0, 1602686106, 1602686106, 1409, 230, 79.89, 287.501, 0, 85.25, 3),
(243, 1108684233, 1108684233, 'trikz_sakura_final', 8.4001, 11, 0, 1602694533, 1602694533, 32, 0, 92.96, 18.7994, 4, 87.5, 2),
(244, 1108684233, 1108684233, 'trikz_kyoto_fix', 14.1502, 5, 0, 1602696172, 1602696172, 28, 1, 95.23, 17.7371, 4, 80, 3),
(245, 58075991, 58075991, 'trikz_measuregeneric2', 10.6601, 15, 0, 1602728859, 1602728859, 45, 0, 89.32, 18.8739, 4, 100, 29),
(246, 58075991, 58075991, 'trikz_penguin_fix', 68.5762, 47, 0, 1602740318, 1602740318, 148, 0, 74.12, 9.18345, 4, 100, 2),
(247, 58075991, 58075991, 'trikz_proud', 31.6906, 58, 0, 1602741387, 1602741387, 99, 0, 88.21, 19.2782, 4, 88.46, 4),
(248, 58075991, 58075991, 'trikz_insanity', 20.7804, 32, 0, 1602741777, 1604888867, 59, 0, 91.97, 18.5166, 4, 100, 42),
(249, 1108684233, 1108684233, 'trikz_insanity', 20.1604, 31, 0, 1602742389, 1602742389, 54, 0, 97.25, 19.086, 4, 100, 4),
(250, 58075991, 1108684233, 'trikz_colors_noblack3', 1370.84, 1004, 0, 1602745787, 1602745787, 1369, 309, 81.37, 241.389, 0, 88.27, 1),
(251, 14744499, 34103790, 'trikz_cyrus', 595.25, 453, 0, 1602848993, 1602848993, 940, 253, 83.06, 81.9496, 0, 98.61, 1),
(252, 14744499, 14744499, 'trikz_cyrus', 12.4502, 20, 0, 1604139865, 1604139865, 42, 0, 88.93, 16.8818, 4, 94.44, 7),
(253, 34103790, 34103790, 'trikz_bbdd', 28.8806, 40, 0, 1602850764, 1602850764, 71, 0, 92.89, 19.2313, 4, 100, 2),
(254, 14744499, 14744499, 'trikz_bbdd', 29.1806, 41, 0, 1602850621, 1602850621, 87, 0, 90.05, 19.0336, 4, 97.5, 2),
(256, 855579619, 34103790, 'trikz_advanced', 846.094, 804, 0, 1602873354, 1602873354, 1565, 132, 80.75, 70.3665, 0, 88.55, 1),
(257, 371538929, 120192594, 'trikz_minecraft', 543.679, 523, 0, 1603120401, 1603120401, 1165, 100, 79.96, 95.7897, 0, 93.18, 11),
(258, 146118177, 58075991, 'trikz_greg', 1967.1, 1225, 0, 1602880969, 1602880969, 2661, 551, 75.93, 34.8302, 0, 74.34, 2),
(259, 120192594, 371538929, 'trikz_hammer', 1446.39, 1278, 0, 1603048389, 1603048389, 2905, 335, 82.33, 90.1478, 0, 94.65, 2),
(260, 58075991, 58075991, 'trikz_randomraider_fix', 14.9202, 20, 0, 1602915797, 1602915797, 46, 0, 88.18, 18.6376, 4, 84.21, 13),
(261, 58075991, 58075991, 'trikz_greg', 10.9002, 13, 0, 1602917561, 1602917561, 38, 0, 86.54, 18.9317, 4, 90, 6),
(262, 58075991, 58075991, 'trikz_eonia', 11.6702, 14, 0, 1603065996, 1603065996, 27, 0, 86.78, 18.9445, 4, 84.61, 17),
(263, 1108684233, 1108684233, 'trikz_eonia', 13.2802, 10, 0, 1602921132, 1602921132, 32, 1, 90.36, 16.6478, 4, 25, 31),
(264, 1108684233, 1108684233, 'trikz_eonia', 16.2003, 8, 1, 1602921406, 1602921406, 20, 0, 87.57, 24.707, 4, 50, 2),
(265, 1108684233, 1108684233, 'trikz_measuregeneric', 11.6602, 18, 0, 1602921764, 1602921764, 49, 0, 93.07, 18.9443, 4, 58.33, 1),
(266, 101384907, 1108684233, 'trikz_go', 757.067, 623, 0, 1602935669, 1602935669, 1153, 217, 85.14, 81.5851, 0, 93.61, 1),
(267, 212961367, 212961367, 'trikz_affinity', 10.9402, 18, 0, 1602944589, 1602944589, 41, 0, 93.37, 16.3845, 4, 92.85, 6),
(268, 146118177, 146118177, 'trikz_affinity', 12.2802, 20, 0, 1602946318, 1602946318, 33, 0, 92.03, 14.5967, 4, 62.5, 2),
(269, 120192594, 371538929, 'trikz_learn_hard', 350.521, 369, 0, 1602961946, 1602961946, 753, 97, 79.72, 43.9297, 0, 94.93, 4),
(270, 58075991, 58075991, 'trikz_advanced', 13.2902, 18, 0, 1602986986, 1604888561, 63, 0, 88.88, 18.9715, 4, 100, 101),
(271, 58075991, 58075991, 'trikz_bbdd', 30.3206, 42, 0, 1602991510, 1602991510, 63, 0, 91.55, 18.318, 4, 89.18, 3),
(272, 120192594, 851489408, 'trikz_cyrus', 43.9186, 24, 0, 1603021965, 1603021965, 84, 17, 51.93, 10.078, 2, 83.33, 13),
(273, 371538929, 120192594, 'trikz_penguin_fix', 1366.22, 918, 0, 1603121859, 1603121859, 1968, 423, 77.61, 58.0871, 0, 85.27, 4),
(274, 371538929, 120192594, 'trikz_proud', 1552.42, 996, 0, 1603057315, 1603057315, 2331, 252, 78.89, 57.8016, 0, 86.97, 1),
(275, 58075991, 120192594, 'trikz_learn_hard', 192.503, 208, 0, 1603061310, 1603061310, 436, 47, 84.22, 79.9899, 0, 94.35, 2),
(276, 58075991, 58075991, 'trikz_learn', 20.4204, 31, 0, 1603083650, 1613251401, 54, 0, 92.31, 19.0903, 4, 100, 17),
(277, 58075991, 58075991, 'trikz_extreme_final', 14.2402, 22, 0, 1603088930, 1603088930, 52, 0, 87.05, 18.9873, 4, 95.23, 6),
(278, 58075991, 58075991, 'trikz_pure_fix', 10.0801, 16, 0, 1604359097, 1604359097, 47, 0, 86.02, 17.2531, 4, 92.3, 38),
(279, 58075991, 58075991, 'trikz_vintage_final', 10.0901, 16, 0, 1603091771, 1603091771, 40, 0, 85.84, 18.1619, 4, 100, 8),
(280, 58075991, 58075991, 'trikz_green', 19.7804, 21, 0, 1603092499, 1603092499, 79, 0, 82.21, 16.2411, 4, 100, 1),
(281, 58075991, 58075991, 'trikz_sakura_final', 8.3601, 11, 0, 1603093735, 1603093735, 28, 0, 86.79, 18.8893, 4, 87.5, 8),
(282, 58075991, 58075991, 'trikz_hammer', 73.0172, 103, 0, 1603099535, 1603099535, 146, 0, 85.23, 19.967, 4, 87.5, 1),
(283, 58075991, 58075991, 'trikz_aportal', 18.2003, 26, 0, 1603100772, 1603100772, 28, 0, 88.67, 19.0533, 4, 91.3, 5),
(284, 58075991, 58075991, 'trikz_aroundtheworld_v3', 15.4703, 24, 0, 1603101398, 1603101398, 84, 0, 85.38, 18.6841, 4, 100, 16),
(285, 34103790, 34103790, 'trikz_bop', 13.7502, 21, 0, 1603105550, 1603105550, 35, 0, 94.25, 18.9233, 4, 88.88, 3),
(286, 371538929, 120192594, 'trikz_cyrus', 181.44, 107, 0, 1603119827, 1603119827, 137, 85, 51.01, 2.43944, 2, 100, 13),
(288, 208440060, 208440060, 'trikz_affinity', 10.3801, 17, 0, 1603141656, 1603141656, 28, 0, 87.88, 17.2686, 4, 84.61, 1),
(289, 179520052, 120192594, 'trikz_daemon', 428.297, 376, 0, 1603143583, 1603143583, 689, 117, 85.2, 64.8585, 0, 89.65, 2),
(290, 855579619, 34103790, 'trikz_aroundtheworld_v3', 71.8969, 104, 0, 1603212086, 1603212086, 177, 9, 88.82, 79.7931, 0, 83.33, 2),
(291, 34103790, 855579619, 'trikz_mom', 42.4789, 35, 0, 1603213951, 1603213951, 82, 10, 74.6, 15.5595, 2, 100, 3),
(292, 120192594, 1108684233, 'trikz_adventure', 2276.82, 1759, 0, 1603218101, 1603218101, 4127, 572, 77.69, 68.7233, 0, 83.18, 5),
(293, 83111642, 83111642, 'trikz_e1m', 19.3303, 28, 0, 1603219314, 1603219314, 39, 0, 93.48, 19.0722, 4, 81.81, 2),
(294, 58075991, 58075991, 'trikz_bop', 13.7102, 21, 0, 1603239733, 1603239733, 43, 0, 91.54, 18.9785, 4, 100, 8),
(295, 58075991, 58075991, 'trikz_concret', 18.2703, 33, 0, 1603243931, 1603243931, 47, 0, 92.46, 19.0545, 4, 100, 1),
(296, 58075991, 58075991, 'trikz_dev_final', 11.9502, 19, 0, 1603247627, 1603247627, 48, 0, 86.76, 18.9492, 4, 76.47, 3),
(297, 58075991, 58075991, 'trikz_e1m', 27.1705, 36, 0, 1603249895, 1603249895, 54, 0, 93.14, 13.5688, 4, 96.96, 1),
(298, 212961367, 212961367, 'trikz_cyrus', 15.3003, 24, 0, 1603271553, 1603271553, 28, 0, 95.13, 13.7371, 4, 100, 3),
(299, 212961367, 120192594, 'trikz_tanyaisawhore', 866.214, 499, 0, 1603272671, 1603272671, 1001, 205, 70.92, 207.748, 0, 92.26, 1),
(300, 120192594, 851489408, 'trikz_alteria_final', 747.208, 653, 0, 1603276758, 1603276758, 1501, 93, 81.85, 124.814, 0, 97.5, 3),
(301, 14744499, 14744499, 'trikz_krepix', 7.46007, 12, 0, 1603277616, 1603277616, 35, 0, 82.44, 17.2962, 4, 80, 15),
(302, 851489408, 851489408, 'trikz_krepix', 7.40007, 12, 0, 1603383274, 1603383274, 28, 0, 88.79, 17.4364, 4, 100, 18),
(303, 34103790, 34103790, 'trikz_krepix', 7.37007, 12, 0, 1603277692, 1603277692, 31, 0, 89.02, 17.5074, 4, 100, 8),
(304, 120192594, 851489408, 'trikz_krepix', 2408.54, 1115, 0, 1603281080, 1603281080, 2880, 570, 79.84, 460.569, 0, 97.6, 2),
(305, 120192594, 851489408, 'trikz_kyoto_fix', 2951.38, 1934, 0, 1603284665, 1603284665, 4182, 569, 74.73, 496.759, 0, 95.62, 1),
(306, 851489408, 120192594, 'trikz_blue', 967.443, 575, 0, 1603287219, 1603287219, 1444, 249, 77.63, 220.731, 0, 93.86, 5),
(307, 851489408, 120192594, 'trikz_eonia', 396.476, 365, 0, 1603287748, 1603287748, 854, 57, 83.14, 161.856, 0, 96.22, 6),
(308, 120192594, 851489408, 'trikz_devision', 389.909, 307, 0, 1603288211, 1603288211, 777, 84, 81.48, 175.994, 0, 85.8, 1),
(309, 120192594, 120192594, 'trikz_dev_final', 12.6702, 20, 0, 1603288304, 1603288304, 40, 0, 89.28, 17.8724, 4, 100, 2),
(310, 120192594, 851489408, 'trikz_dev_final', 428.527, 420, 0, 1603288869, 1603288869, 977, 94, 80.98, 90.9036, 0, 88.56, 1),
(311, 851489408, 120192594, 'trikz_colors', 1398.69, 928, 0, 1603290922, 1603290922, 1830, 251, 71.82, 243.246, 0, 93.24, 1),
(312, 851489408, 120192594, 'trikz_shinsekai_final', 1351.63, 1120, 0, 1603811492, 1603811492, 2596, 291, 81.82, 390.109, 0, 92.86, 9),
(313, 145610720, 145610720, 'trikz_shinsekai_final', 35.0901, 61, 0, 1603295473, 1603295473, 75, 0, 91.58, 19.3348, 4, 79.62, 2),
(314, 58075991, 58075991, 'trikz_fpsgamerz_banana_v2', 7.85008, 14, 0, 1603324954, 1604882873, 41, 0, 85.24, 18.8808, 4, 100, 53),
(315, 58075991, 58075991, 'trikz_krepix', 7.38007, 12, 0, 1603342170, 1603342170, 35, 0, 89.75, 17.4837, 4, 100, 476),
(316, 120192594, 851489408, 'trikz_shutthefuckup', 164.839, 156, 0, 1603374902, 1603374902, 351, 24, 81.71, 85.9893, 0, 78.57, 2),
(317, 120192594, 851489408, 'trikz_failtime', 890.227, 590, 0, 1603375876, 1603375876, 1652, 195, 78.3, 178.894, 0, 85.8, 1),
(318, 120192594, 851489408, 'trikz_absinthe', 451.78, 338, 0, 1603376440, 1603376440, 887, 71, 82.03, 70.9456, 0, 76.55, 1),
(319, 120192594, 851489408, 'trikz_forfun', 461.99, 316, 0, 1603377798, 1603377798, 869, 82, 79.95, 89.7147, 0, 97.09, 4),
(320, 145610720, 145610720, 'trikz_krepix', 8.11009, 13, 0, 1603383261, 1603383261, 16, 0, 95.15, 15.9099, 4, 77.77, 3),
(321, 146118177, 146118177, 'trikz_krepix', 8.16009, 13, 0, 1603383382, 1603383382, 31, 0, 89.24, 15.8124, 4, 100, 6),
(322, 58075991, 58075991, 'trikz_myinstyle', 18.9103, 6, 0, 1603428043, 1603428043, 43, 0, 92.03, 19.0652, 4, 75, 1),
(323, 58075991, 58075991, 'trikz_oof', 20.4504, 25, 0, 1603429053, 1603429053, 57, 0, 86.67, 19.0908, 4, 100, 3),
(324, 120192594, 146118177, 'trikz_concret', 147.178, 181, 0, 1603746890, 1603746890, 413, 28, 83.37, 84.8119, 0, 82.89, 5),
(325, 212961367, 212961367, 'trikz_concret', 19.7204, 35, 0, 1603479630, 1603479630, 41, 0, 95.17, 17.6534, 4, 100, 3),
(326, 371538929, 371538929, 'trikz_learn', 21.6304, 33, 0, 1603483705, 1603483705, 72, 0, 89.33, 18.0224, 4, 89.28, 7),
(327, 120192594, 146118177, 'trikz_cyrus', 325.647, 247, 0, 1603885387, 1614777046, 509, 59, 81.49, 149.796, 0, 86, 24),
(328, 100738426, 146118177, 'trikz_move', 5.19002, 1, 0, 1603568333, 1603568333, 2, 1, 50.94, 18.8365, 2, 100, 4),
(329, 1099009937, 1099009937, 'trikz_cyrus', 11.9102, 19, 0, 1603627108, 1603627108, 54, 0, 97.65, 17.6473, 4, 94.44, 11),
(330, 371538929, 120192594, 'trikz_mom', 551.367, 474, 0, 1603623150, 1603623150, 1034, 108, 81.35, 67.0402, 0, 84.13, 1),
(331, 120192594, 371538929, 'trikz_mom', 34.2103, 38, 0, 1603623629, 1603623629, 81, 10, 76.27, 19.3202, 2, 91.66, 8),
(332, 58075991, 120192594, 'trikz_greg', 536.722, 419, 0, 1603644724, 1603644724, 832, 142, 79.11, 127.654, 0, 97.4, 3),
(333, 120192594, 58075991, 'trikz_blue', 1984.03, 1001, 0, 1603646834, 1603646834, 1915, 497, 86.13, 107.632, 0, 91.6, 4),
(334, 14744499, 212961367, 'trikz_blue', 1161.26, 622, 0, 1603649528, 1603649528, 1138, 376, 77.8, 183.89, 0, 90.41, 1),
(335, 855579619, 34103790, 'trikz_blue', 2115.06, 1462, 0, 1603650590, 1603650590, 2264, 420, 77.48, 100.964, 0, 94.45, 1),
(336, 14744499, 14744499, 'trikz_affinity', 10.8802, 18, 0, 1603650870, 1603650870, 35, 0, 90.19, 16.4749, 4, 94.11, 5),
(337, 83111642, 83111642, 'trikz_affinity', 9.48012, 16, 0, 1603651778, 1603651778, 28, 0, 88.79, 18.908, 4, 100, 9),
(338, 82277228, 83111642, 'trikz_affinity', 902.379, 726, 0, 1603653553, 1603653553, 1037, 256, 84.18, 285.159, 0, 96.37, 1),
(339, 14744499, 212961367, 'trikz_affinity', 2316.02, 1409, 0, 1603653557, 1603653557, 2292, 804, 81.4, 111.105, 0, 94, 1),
(340, 82277228, 82277228, 'trikz_affinity', 10.9202, 18, 0, 1603653745, 1603653745, 33, 0, 93.56, 16.4145, 4, 100, 2),
(341, 212961367, 212961367, 'trikz_affinity', 12.3202, 20, 0, 1603653789, 1603653789, 26, 0, 89.77, 14.5493, 4, 100, 1),
(342, 1108684233, 1108684233, 'trikz_pure_fix', 9.20012, 14, 0, 1603656476, 1603656476, 47, 2, 94.53, 18.9033, 4, 83.33, 10),
(343, 1108684233, 1108684233, 'trikz_pure_fix', 9.42012, 15, 1, 1603656509, 1603656509, 39, 0, 100, 24.5602, 4, 100, 6),
(344, 1108684233, 1108684233, 'trikz_pure_fix', 12.0102, 19, 3, 1603656527, 1603656527, 27, 1, 100, 22.7402, 4, 75, 3),
(345, 1108684233, 1108684233, 'trikz_pure_fix', 12.9502, 20, 2, 1603656667, 1603656667, 0, 0, 84.28, 25.2246, 4, 100, 2),
(346, 851489408, 851489408, 'trikz_cyrus', 13.1002, 21, 0, 1603719481, 1603719481, 42, 0, 90.52, 16.0442, 4, 85.71, 1),
(347, 120192594, 851489408, 'trikz_autist', 751.322, 692, 0, 1603720728, 1603720728, 1606, 132, 82.8, 275.088, 0, 94.14, 2),
(348, 851489408, 120192594, 'trikz_penguin_fix', 442.17, 298, 0, 1604503723, 1604503723, 771, 108, 75.86, 179.478, 0, 85.83, 3),
(349, 119826909, 212961367, 'trikz_forfun', 619.393, 441, 0, 1603745034, 1603745034, 850, 159, 79.95, 66.916, 0, 89.43, 1),
(350, 120192594, 146118177, 'trikz_forfun', 248.803, 246, 0, 1603746359, 1603746359, 562, 39, 82.19, 166.587, 0, 69.71, 4),
(351, 146118177, 120192594, 'trikz_asdfsda_final', 612.987, 674, 0, 1603747686, 1603747686, 1413, 94, 82.15, 100.439, 0, 72.12, 2),
(352, 120192594, 146118177, 'trikz_learn', 269.892, 366, 0, 1603748520, 1613250802, 795, 50, 85.6, 92.9928, 0, 72.22, 6),
(353, 120192594, 146118177, 'trikz_alteria_final', 999.124, 792, 0, 1603751089, 1603751089, 1464, 134, 81.84, 93.3437, 0, 74.24, 2),
(354, 120192594, 146118177, 'trikz_howtodo', 129.888, 138, 0, 1603751847, 1603751847, 314, 24, 79.44, 83.6592, 0, 82.17, 2),
(355, 85479840, 85479840, 'trikz_shinsekai_final', 333.464, 435, 0, 1603827272, 1603827272, 556, 0, 84.21, 2.03459, 4, 72.46, 1),
(356, 120192594, 851489408, 'trikz_e1m', 607.351, 475, 0, 1603898103, 1603898103, 1238, 146, 77.33, 87.2958, 0, 82.65, 1),
(357, 120192594, 851489408, 'trikz_extreme_final', 502.529, 480, 0, 1603898642, 1603898642, 1166, 90, 78.57, 108.502, 0, 91.75, 1),
(358, 851489408, 120192594, 'trikz_mh', 673.146, 652, 0, 1603899378, 1603899378, 1458, 132, 78.64, 194.876, 0, 86.66, 1),
(359, 120192594, 851489408, 'trikz_legends_b1', 417.746, 294, 0, 1603899958, 1603899958, 739, 69, 76.49, 177.85, 0, 92.45, 1),
(360, 120192594, 851489408, 'trikz_minecraft', 305.667, 345, 0, 1603901141, 1603901141, 1021, 29, 81.73, 170.378, 0, 94.19, 6),
(361, 851489408, 120192594, 'trikz_minecraft', 1382.1, 1114, 1, 1603902534, 1603902534, 3679, 83, 79.52, 138.664, 0, 86.63, 1),
(362, 146118177, 1099177063, 'trikz_daemon', 694.096, 587, 0, 1603911136, 1603911136, 1132, 148, 79.76, 40.0214, 0, 73.74, 4),
(363, 146118177, 146118177, 'trikz_advanced', 17.8603, 25, 0, 1603912967, 1603912967, 58, 0, 91.52, 14.1171, 4, 66.66, 2),
(364, 100738426, 78826492, 'trikz_move', 11.7802, 2, 0, 1603915122, 1603915122, 4, 2, 66.48, 8.29882, 2, 100, 1),
(365, 120192594, 58075991, 'trikz_move', 215.571, 182, 0, 1603918953, 1603918953, 413, 58, 83.96, 132.481, 0, 96.05, 9),
(366, 58075991, 120192594, 'trikz_autist', 881.309, 679, 0, 1603920035, 1603920035, 1445, 219, 83.05, 234.515, 0, 95.21, 2),
(367, 58075991, 58075991, 'trikz_desert_b7', 63.3954, 94, 0, 1603929758, 1603929758, 125, 0, 85.54, 19.8066, 4, 92.94, 3),
(368, 1099177063, 120192594, 'trikz_overdriver', 34.9801, 20, 0, 1603968951, 1603968951, 38, 10, 58.62, 7.57579, 2, 100, 1),
(369, 146118177, 146118177, 'trikz_extreme_final', 87.6803, 31, 0, 1603970168, 1603970168, 124, 0, 85.86, 3.08374, 4, 100, 2),
(370, 146118177, 66931215, 'trikz_revolution_final', 1710.41, 1250, 0, 1603974782, 1603974782, 2438, 371, 74.91, 22.4463, 0, 81.34, 1),
(371, 120192594, 101384907, 'trikz_cyrus', 452.811, 327, 0, 1603978425, 1603978425, 832, 134, 81.94, 107.728, 0, 97.61, 16),
(372, 120192594, 101384907, 'trikz_cyrus', 51.5374, 32, 0, 1603978573, 1614778769, 116, 14, 69.58, 8.58819, 2, 83.33, 12),
(373, 855579619, 82789105, 'trikz_cyrus', 582.157, 428, 0, 1603983475, 1603983475, 785, 126, 77.05, 83.7926, 0, 83.18, 1),
(374, 82789105, 855579619, 'trikz_alteria_final', 1175.68, 929, 0, 1603984907, 1603984907, 1855, 107, 82.6, 79.3259, 0, 91.26, 1),
(375, 82789105, 82789105, 'trikz_e1m', 22.9604, 33, 0, 1603985156, 1603985156, 49, 0, 94.22, 16.0568, 4, 89.65, 1),
(376, 34103790, 34103790, 'trikz_e1m', 20.7004, 30, 0, 1603985901, 1603985901, 40, 0, 94.33, 17.8098, 4, 96.42, 1),
(377, 855579619, 82789105, 'trikz_e1m', 491.869, 350, 0, 1603986292, 1603986292, 628, 108, 79.05, 107.791, 0, 81.18, 1),
(378, 82789105, 101384907, 'trikz_revolution_final', 469.737, 515, 0, 1604058587, 1604058587, 967, 206, 83, 81.7316, 0, 87.69, 1),
(379, 82789105, 101384907, 'trikz_revolution_final', 773.143, 624, 1, 1604059387, 1604059387, 1310, 325, 75.18, 164.379, 0, 94.94, 1),
(380, 14744499, 14744499, 'trikz_green', 18.8603, 20, 0, 1604063684, 1604063684, 52, 2, 92.12, 17.0334, 4, 100, 3),
(381, 7831669, 7831669, 'trikz_green', 18.9503, 20, 0, 1604063802, 1604063802, 46, 0, 92.86, 16.9525, 4, 83.33, 3),
(382, 82789105, 82789105, 'trikz_dev_final', 14.9302, 24, 0, 1604070396, 1604070396, 49, 0, 89.41, 15.167, 4, 84.21, 1),
(383, 855579619, 82789105, 'trikz_devision', 599.053, 520, 0, 1604071061, 1604071061, 844, 184, 78.12, 114.55, 0, 94.2, 1),
(384, 82789105, 58075991, 'trikz_short', 114.586, 97, 0, 1604073084, 1604073084, 185, 31, 79.28, 59.6576, 0, 93.47, 1),
(385, 120192594, 101384907, 'trikz_short', 84.7597, 83, 0, 1604074195, 1604074195, 214, 30, 82.98, 80.6507, 0, 79.94, 2),
(386, 120192594, 101384907, 'trikz_blue', 871.119, 570, 0, 1604075734, 1604075734, 1238, 207, 74.62, 245.138, 0, 100, 2),
(387, 120192594, 101384907, 'trikz_blue', 166.878, 129, 0, 1604075977, 1604075977, 192, 62, 81.07, 21.5313, 2, 100, 1),
(388, 101384907, 120192594, 'trikz_diversity_final', 1174.13, 1082, 0, 1604077215, 1604077215, 1988, 275, 83.5, 278.593, 0, 95.21, 3),
(389, 120192594, 101384907, 'trikz_autist', 1052.37, 648, 0, 1604079679, 1604079679, 1521, 247, 80.25, 196.395, 0, 88.2, 1),
(390, 855579619, 82789105, 'trikz_adventure', 2133.56, 1715, 0, 1604089040, 1604089040, 2643, 358, 76.99, 73.3378, 0, 97.38, 1),
(391, 1137083854, 1137083854, 'trikz_cyrus', 11.1002, 18, 0, 1604345155, 1604345155, 45, 0, 94.94, 18.935, 4, 72.72, 14),
(392, 120192594, 1137083854, 'trikz_cyrus', 305.807, 228, 0, 1604143712, 1604143712, 496, 67, 78.67, 159.514, 0, 92.6, 10),
(394, 146118177, 58075991, 'trikz_cyrus', 1329.85, 847, 0, 1604145173, 1604145173, 1580, 398, 80.32, 36.6812, 0, 87.23, 7),
(395, 100738426, 78826492, 'trikz_forfun', 83.6095, 60, 0, 1604180493, 1604180493, 47, 20, 75.72, 17.5286, 2, 95, 1),
(396, 1137083854, 1137083854, 'trikz_affinity', 9.93013, 17, 0, 1604345636, 1604345636, 37, 0, 93.42, 18.0511, 4, 100, 1),
(397, 101384907, 120192594, 'trikz_tintin', 406.165, 317, 0, 1604352410, 1604352410, 671, 91, 80.02, 177.078, 0, 87.78, 2),
(398, 120192594, 851489408, 'trikz_move', 176.542, 162, 0, 1604493247, 1606403215, 387, 44, 81.26, 161.769, 0, 89.18, 7),
(399, 1137083854, 1137083854, 'trikz_krepix', 6.84006, 11, 0, 1604498474, 1604498474, 36, 0, 94.48, 18.864, 4, 77.77, 8),
(400, 146118177, 146118177, 'trikz_fpsgamerz_banana_v2', 8.81011, 16, 0, 1604519068, 1604519068, 44, 0, 83.54, 16.8234, 4, 57.14, 1),
(401, 101384907, 101384907, 'trikz_kyoto_fix', 18.0003, 10, 0, 1604570356, 1604570356, 43, 0, 92.66, 13.9433, 4, 100, 1),
(402, 1137083854, 1137083854, 'trikz_kyoto_fix', 14.7302, 6, 0, 1604573044, 1604573044, 31, 1, 96.06, 17.0387, 4, 100, 2),
(403, 1137083854, 1137083854, 'trikz_green', 16.8803, 17, 0, 1604576310, 1604576310, 59, 0, 94.99, 19.0313, 4, 84.61, 3),
(404, 78826492, 120192594, 'trikz_move', 246.314, 210, 0, 1604690129, 1604690129, 592, 93, 73.57, 115.946, 0, 95.05, 7),
(405, 120192594, 146118177, 'trikz_move', 194.412, 190, 0, 1604691737, 1604691737, 417, 47, 78.99, 146.9, 0, 77.99, 6),
(406, 146118177, 146118177, 'trikz_measuregeneric2', 11.5102, 17, 0, 1604766688, 1604766688, 34, 0, 92.3, 17.4799, 4, 91.66, 3),
(407, 146118177, 146118177, 'trikz_measuregeneric', 12.8602, 20, 0, 1604767647, 1604767647, 41, 0, 91.23, 17.1766, 4, 69.23, 11),
(408, 120192594, 120192594, 'trikz_p4p3r', 12.5102, 6, 0, 1604774832, 1604774832, 23, 0, 91.61, 13.5512, 4, 100, 4),
(409, 1137083854, 1137083854, 'trikz_p4p3r', 11.5402, 5, 0, 1604775115, 1604775115, 24, 0, 97.4, 14.6903, 4, 100, 2),
(410, 58075991, 58075991, 'trikz_p4p3r', 8.97, 1, 0, 1604780415, 1604810400, 18, 0, 94.69, 18.8995, 4, 100, 2),
(411, 14744499, 14744499, 'trikz_p4p3r', 9.74013, 2, 0, 1604782064, 1604782064, 20, 0, 88.14, 17.4052, 4, 100, 3),
(412, 77647220, 77647220, 'trikz_p4p3r', 14.1202, 10, 0, 1604788100, 1604788100, 23, 0, 95.7, 12.0061, 4, 100, 1),
(413, 14744499, 14744499, 'trikz_eonia', 17.6803, 14, 0, 1604824159, 1604824159, 38, 0, 87.39, 12.5047, 4, 100, 4),
(414, 34103790, 34103790, 'trikz_p4p3r', 9.23011, 2, 0, 1604865860, 1604865860, 19, 0, 92.49, 18.3669, 4, 100, 1),
(415, 120192594, 120192594, 'trikz_fapfap', 29.4706, 45, 0, 1604876824, 1604876824, 21, 0, 98.37, 12.681, 4, 100, 1),
(416, 58075991, 58075991, 'trikz_extra', 28.4806, 32, 0, 1604880679, 1604881966, 35, 0, 86.14, 19.2247, 4, 100, 4),
(417, 117527308, 78826492, 'trikz_revolution_final', 1630.79, 1358, 0, 1605065404, 1605065404, 2304, 314, 74.13, 23.5422, 0, 84.94, 1),
(418, 78826492, 100738426, 'trikz_forfun', 1215.38, 940, 0, 1605211580, 1605211580, 1415, 319, 72.09, 34.1022, 0, 93.11, 1),
(419, 89386790, 89386790, 'trikz_cyrus', 43.8386, 66, 0, 1606051737, 1606051737, 56, 1, 93.57, 4.79445, 4, 98.3, 1),
(420, 12298050, 12298050, 'trikz_cyrus', 13.1802, 20, 0, 1606411133, 1606411133, 23, 0, 95.84, 15.9468, 4, 94.73, 1),
(421, 120192594, 120192594, 'trikz_lucky', 18.0303, 26, 0, 1606646957, 1606649412, 38, 0, 94.48, 19.0505, 4, 100, 8),
(422, 146118177, 120192594, 'trikz_daemon', 310.572, 471, 0, 1606658563, 1606659638, 758, 59, 86, 89.4438, 0, 72.09, 4),
(423, 120192594, 101384907, 'trikz_alpha', 867.715, 585, 0, 1605272129, 1605272129, 647, 277, 65.05, 12.1874, 2, 98.21, 1),
(424, 101384907, 101384907, 'trikz_alpha', 51.1674, 37, 0, 1605305988, 1605696120, 93, 0, 86.71, 18.6374, 4, 100, 5),
(425, 346817812, 346817812, 'trikz_alpha', 48.7478, 35, 0, 1605306356, 1605552332, 97, 0, 85.33, 19.5625, 4, 100, 10),
(426, 120192594, 120192594, 'trikz_alpha', 63.5453, 40, 0, 1605468079, 1606769838, 103, 0, 87.47, 15.007, 4, 80.95, 9),
(427, 346817812, 120192594, 'trikz_alpha', 412.651, 284, 0, 1606779068, 1606779068, 318, 165, 65.23, 25.6275, 2, 96.44, 1),
(428, 189935203, 119826909, 'trikz_tintin', 2724.45, 1526, 0, 1607002499, 1607002499, 3217, 867, 80.97, 26.399, 0, 90.03, 1),
(429, 119826909, 272735640, 'trikz_daemon', 672.685, 734, 0, 1607003424, 1607003424, 1200, 218, 81, 41.2953, 0, 94.49, 1),
(430, 189935203, 272735640, 'trikz_daemon', 1657.73, 1253, 0, 1607005206, 1607005206, 1909, 350, 80.78, 16.7571, 0, 93.52, 1),
(431, 10671076, 120192594, 'trikz_cyrus', 23.1304, 9, 0, 1607222477, 1607222626, 39, 7, 62.21, 19.1355, 2, 50, 11),
(432, 10671076, 10671076, 'trikz_cyrus', 11.8402, 18, 0, 1607222697, 1607222697, 36, 0, 94.58, 17.7516, 4, 92.85, 2),
(434, 120192594, 58075991, 'trikz_cyrus', 476.444, 301, 0, 1607224209, 1607224209, 551, 118, 75.62, 102.385, 0, 93.97, 8),
(435, 58075991, 120192594, 'trikz_cyrus', 189.965, 100, 0, 1607224419, 1607224419, 174, 70, 52.89, 2.32997, 2, 66.66, 9);
INSERT INTO `playertimes` (`id`, `auth`, `partner`, `map`, `time`, `jumps`, `style`, `firstdate`, `date`, `strafes`, `nades`, `sync`, `points`, `track`, `perfs`, `completions`) VALUES
(436, 101384907, 68052501, 'trikz_cyrus', 372.793, 278, 0, 1607694120, 1607696670, 662, 107, 74.86, 130.852, 0, 98.92, 5),
(437, 82789105, 9677539, 'trikz_cyrus', 972.377, 626, 1, 1607697067, 1607697067, 1611, 252, 62.22, 128.607, 0, 89.58, 1),
(438, 82789105, 9677539, 'trikz_cyrus', 97.0823, 67, 0, 1607697270, 1607697270, 129, 57, 60.88, 4.55915, 2, 100, 1),
(439, 9677539, 9677539, 'trikz_cyrus', 12.4702, 19, 0, 1607697296, 1607697330, 33, 0, 93.65, 16.8548, 4, 100, 4),
(440, 82789105, 82789105, 'trikz_cyrus', 16.5003, 25, 0, 1607697309, 1607697309, 52, 0, 91.33, 12.7381, 4, 100, 1),
(441, 68052501, 68052501, 'trikz_cyrus', 18.0603, 26, 1, 1607697754, 1607698158, 48, 0, 94.29, 17.1141, 4, 95.65, 2),
(442, 101384907, 101384907, 'trikz_cyrus', 18.4403, 28, 1, 1607697962, 1607697962, 41, 0, 99.65, 16.7614, 4, 100, 3),
(443, 82789105, 9677539, 'trikz_cyrus', 898.125, 511, 2, 1607698483, 1607698483, 489, 280, 69.03, 279.134, 0, 88.46, 1),
(444, 9677539, 9677539, 'trikz_cyrus', 17.9803, 27, 1, 1607698544, 1607698575, 24, 0, 94.52, 17.1902, 4, 90.47, 2),
(445, 9677539, 9677539, 'trikz_cyrus', 21.1804, 32, 2, 1607698624, 1607698624, 0, 0, 94.15, 19.894, 4, 96.77, 1),
(446, 61373915, 61373915, 'trikz_cyrus', 23.3004, 36, 0, 1607698729, 1607698796, 30, 0, 90.47, 9.02053, 4, 73.07, 2),
(447, 82789105, 9677539, 'trikz_minecraft', 534.07, 490, 0, 1607700343, 1607700343, 1038, 135, 76.79, 97.5132, 0, 92.55, 1),
(448, 82789105, 9677539, 'trikz_minecraft', 740.111, 575, 1, 1607701107, 1607701107, 1277, 151, 71.77, 258.944, 0, 96.59, 1),
(449, 120192594, 82789105, 'trikz_minecraft', 462.41, 427, 0, 1607701737, 1607701737, 1013, 72, 81.78, 112.625, 0, 80.44, 3),
(450, 82789105, 201645385, 'trikz_daemon', 378.218, 473, 0, 1607702371, 1607702371, 897, 65, 83.44, 73.4463, 0, 88.77, 1),
(451, 120192594, 105104506, 'trikz_daemon', 464.512, 497, 0, 1607702392, 1607702392, 816, 81, 83.09, 59.8019, 0, 89.65, 1),
(452, 120192594, 120192594, 'trikz_soft', 10.7201, 16, 0, 1607448520, 1607798543, 34, 0, 91.01, 18.5011, 4, 100, 42),
(453, 346817812, 346817812, 'trikz_soft', 10.7201, 16, 0, 1607450379, 1607798959, 34, 0, 90.3, 18.5011, 4, 80, 29),
(454, 146118177, 146118177, 'trikz_soft', 11.0502, 16, 0, 1607799840, 1607799913, 38, 0, 91.51, 17.9485, 4, 84.61, 4),
(455, 101384907, 101384907, 'trikz_soft', 11.8002, 16, 0, 1607790969, 1607792318, 32, 0, 89.12, 16.8076, 4, 100, 2),
(456, 120192594, 346817812, 'trikz_soft', 348.949, 166, 0, 1607460598, 1607462292, 461, 76, 61.51, 173.263, 0, 87.5, 5),
(457, 34103790, 34103790, 'trikz_soft', 10.7001, 16, 0, 1607803681, 1607892153, 37, 0, 90.23, 18.5356, 4, 92.85, 13),
(458, 855579619, 855579619, 'trikz_soft', 10.4801, 15, 0, 1607803836, 1607804916, 55, 0, 82.45, 18.9247, 4, 100, 16),
(459, 120192594, 77893865, 'trikz_asdfsda_final', 485.573, 377, 0, 1607861565, 1607861565, 938, 73, 77.42, 126.794, 0, 80.49, 1),
(460, 14744499, 14744499, 'trikz_soft', 10.7302, 16, 0, 1607886944, 1607887366, 36, 0, 88.88, 18.4837, 4, 100, 16),
(461, 14744499, 34103790, 'trikz_soft', 1575.4, 774, 0, 1607892092, 1607892092, 1862, 584, 64.8, 38.3777, 0, 93.56, 1),
(462, 146118177, 146118177, 'trikz_aroundtheworld_v3', 16.3203, 25, 0, 1607977334, 1607977419, 64, 0, 91, 17.711, 4, 73.33, 3),
(463, 14622106, 120192594, 'trikz_cyrus', 85.8699, 51, 0, 1608903661, 1608903661, 83, 38, 58.94, 5.15445, 2, 100, 9),
(464, 101384907, 101384907, 'trikz_cyrus', 15.0502, 22, 0, 1608904026, 1608904026, 38, 0, 92.3, 13.9654, 4, 100, 1),
(465, 26660300, 26660300, 'trikz_cyrus', 13.1302, 20, 0, 1608904031, 1608904031, 35, 0, 89.25, 16.0075, 4, 92.3, 1),
(466, 26660300, 26660300, 'trikz_cyrus', 16.1203, 25, 1, 1608904217, 1608904217, 46, 0, 93.05, 19.1737, 4, 63.63, 1),
(467, 26660300, 26660300, 'trikz_cyrus', 20.4304, 31, 2, 1608904297, 1608904297, 0, 0, 95.15, 20.6243, 4, 92.85, 1),
(468, 34103790, 34103790, 'trikz_hooC_b', 8.94011, 1, 0, 1608994803, 1608994955, 9, 0, 95.78, 18.3664, 4, 100, 4),
(469, 120192594, 119826909, 'trikz_eonia', 577.923, 492, 0, 1609160885, 1609160885, 1067, 129, 85.11, 111.039, 0, 92.19, 4),
(470, 212961367, 119826909, 'trikz_eonia', 653.757, 600, 0, 1609162723, 1609162723, 1051, 129, 85.92, 98.1589, 0, 92.2, 1),
(471, 10671076, 10671076, 'trikz_dawn', 16.8403, 1, 0, 1609347672, 1609347672, 28, 0, 94.55, 19.0307, 4, 100, 1),
(472, 146118177, 146118177, 'trikz_dev_final', 15.4003, 24, 0, 1609452760, 1609452760, 38, 0, 88.42, 14.7041, 4, 66.66, 1),
(473, 885022299, 885022299, 'trikz_cyrus', 11.7202, 18, 0, 1609479178, 1609479583, 36, 0, 90.36, 17.9334, 4, 100, 6),
(474, 146118177, 146118177, 'trikz_cyrus', 13.2502, 20, 0, 1609525464, 1609525888, 50, 0, 89.29, 15.8626, 4, 78.57, 6),
(475, 60346366, 60346366, 'trikz_cyrus', 13.2002, 20, 0, 1609525680, 1609525680, 31, 0, 88.72, 15.9227, 4, 100, 3),
(476, 120192594, 180080834, 'trikz_cyrus', 444.803, 267, 0, 1609526816, 1609526816, 515, 75, 68.29, 109.668, 0, 92.77, 7),
(477, 180080834, 120192594, 'trikz_cyrus', 56.0366, 24, 0, 1609526952, 1609526952, 50, 20, 51.54, 7.89863, 2, 50, 9),
(478, 180080834, 180080834, 'trikz_cyrus', 12.5202, 19, 0, 1609527495, 1609527530, 31, 0, 90.87, 16.7875, 4, 100, 2),
(479, 120192594, 885022299, 'trikz_cyrus', 388.778, 262, 0, 1609528509, 1610475637, 587, 80, 74.21, 125.471, 0, 96.79, 6),
(480, 120192594, 885022299, 'trikz_cyrus', 50.1076, 23, 0, 1609528584, 1610475752, 67, 15, 49.01, 8.83324, 2, 75, 9),
(481, 120192594, 60346366, 'trikz_cyrus', 362.893, 237, 0, 1609529099, 1609529099, 401, 81, 72.73, 134.421, 0, 96.82, 5),
(482, 60346366, 120192594, 'trikz_cyrus', 66.9859, 32, 0, 1609529174, 1609529174, 56, 23, 51.58, 6.60755, 2, 100, 8),
(483, 60346366, 120192594, 'trikz_adventure', 1521.28, 1386, 0, 1609532279, 1609533826, 2112, 192, 79.56, 102.854, 0, 94.84, 3),
(484, 60346366, 120192594, 'trikz_eonia', 525.702, 452, 0, 1609536602, 1609536602, 903, 41, 84.85, 122.069, 0, 84.33, 4),
(485, 60346366, 120192594, 'trikz_eonia', 8.6201, 7, 0, 1609536678, 1609536678, 12, 1, 94.24, 12.2635, 2, 75, 4),
(486, 120192594, 60346366, 'trikz_blue', 772.342, 522, 0, 1609538605, 1609605625, 930, 205, 85.98, 276.489, 0, 92.65, 7),
(487, 60346366, 885022299, 'trikz_blue', 4184.03, 2104, 0, 1609543246, 1609543246, 3604, 954, 79.72, 51.038, 0, 90.17, 6),
(488, 180080834, 856702698, 'trikz_blue', 2545.71, 1327, 0, 1609543453, 1609543453, 2324, 625, 61.24, 83.884, 0, 87.79, 1),
(489, 26660300, 26660300, 'trikz_blue', 168.916, 181, 0, 1609544362, 1609544362, 433, 0, 85.4, 6.98656, 4, 100, 1),
(490, 60346366, 58075991, 'trikz_blue', 5315.62, 2710, 0, 1609549446, 1609549446, 3838, 1705, 86.87, 40.173, 0, 90.63, 5),
(491, 118899, 120192594, 'trikz_cyrus', 400.259, 260, 0, 1609616408, 1612375811, 578, 83, 83.94, 121.872, 0, 83.19, 7),
(492, 118899, 120192594, 'trikz_cyrus', 30.9306, 13, 0, 1609616536, 1612375943, 76, 7, 69.83, 14.3099, 2, 100, 10),
(493, 118899, 120192594, 'trikz_adventure', 1081.42, 827, 0, 1609618873, 1609764523, 1657, 125, 79.27, 144.689, 0, 86.5, 4),
(494, 118899, 120192594, 'trikz_asdfsda_final', 467.435, 507, 0, 1609619506, 1611405027, 1012, 56, 83.18, 131.714, 0, 92.68, 2),
(495, 120192594, 60346366, 'trikz_measuregeneric', 1513.3, 676, 0, 1609626938, 1609626938, 1353, 475, 85.43, 280.98, 0, 93.75, 1),
(496, 34103790, 34103790, 'trikz_cyrus', 13.1502, 20, 0, 1609693778, 1609693914, 39, 0, 92.58, 15.9832, 4, 100, 3),
(497, 237837687, 237837687, 'trikz_cyrus', 14.7002, 22, 0, 1609694039, 1609694039, 25, 0, 96.36, 14.2979, 4, 75, 1),
(498, 58075991, 58075991, 'trikz_soft', 10.6801, 16, 0, 1609727282, 1609731384, 34, 0, 88.7, 18.5703, 4, 54.54, 105),
(499, 120192594, 118899, 'trikz_eonia', 370.791, 351, 0, 1609758541, 1611404499, 774, 38, 84.66, 173.068, 0, 93.36, 7),
(500, 120192594, 118899, 'trikz_alteria_final', 999.194, 740, 0, 1609759631, 1609759631, 1500, 117, 81.34, 93.3372, 0, 86.92, 1),
(501, 120192594, 118899, 'trikz_tintin', 434.843, 284, 0, 1609765300, 1609765300, 766, 87, 76.22, 165.399, 0, 80.03, 1),
(502, 157048660, 120192594, 'trikz_eonia', 735.306, 443, 0, 1609853471, 1609853471, 960, 87, 78.87, 87.2726, 0, 86.91, 2),
(503, 157048660, 120192594, 'trikz_autist', 3366.95, 1806, 0, 1609857174, 1609857174, 3724, 690, 76.89, 61.3848, 0, 76.77, 1),
(504, 146118177, 146118177, 'trikz_eonia', 15.9703, 12, 0, 1609872243, 1613473490, 36, 0, 87.31, 13.8436, 4, 66.66, 8),
(505, 58075991, 58075991, 'trikz_fapfap', 19.5904, 30, 0, 1610206371, 1610206371, 31, 0, 94.37, 19.0765, 4, 91.66, 1),
(506, 101384907, 101384907, 'trikz_clarity', 84.6197, 106, 0, 1610447279, 1610447279, 156, 1, 90.79, 20.1603, 4, 97.75, 1),
(507, 885022299, 885022299, 'trikz_cyrus', 12.5502, 19, 1, 1610474239, 1610474759, 32, 0, 90.49, 24.628, 4, 93.75, 2),
(508, 885022299, 885022299, 'trikz_cyrus', 16.6503, 25, 2, 1610474931, 1610474931, 0, 0, 95.19, 25.3066, 4, 100, 1),
(509, 885022299, 885022299, 'trikz_cyrus', 13.8002, 21, 3, 1610475018, 1610475018, 19, 0, 97.81, 22.776, 4, 100, 1),
(510, 120192594, 124065, 'trikz_cyrus', 440.168, 251, 0, 1610477070, 1610477070, 589, 77, 67.01, 110.822, 0, 88.09, 3),
(511, 124065, 120192594, 'trikz_cyrus', 59.876, 32, 0, 1610477140, 1610477140, 72, 16, 53.37, 7.39216, 2, 100, 8),
(512, 120192594, 124065, 'trikz_eonia', 526.492, 354, 0, 1610477825, 1610477825, 724, 57, 77.12, 121.886, 0, 95.51, 1),
(513, 120192594, 124065, 'trikz_eonia', 8.30009, 2, 0, 1610478127, 1610478177, 17, 1, 74.46, 12.7363, 2, 100, 3),
(514, 118899, 120192594, 'trikz_measuregeneric', 1741.7, 878, 0, 1611404009, 1611404009, 2311, 583, 78.04, 244.133, 0, 96.33, 1),
(515, 118899, 120192594, 'trikz_blue', 919.626, 507, 0, 1611405987, 1611406962, 1212, 213, 76.02, 232.208, 0, 89.66, 2),
(516, 128329572, 120192594, 'trikz_cyrus', 491.038, 306, 0, 1611477474, 1611477474, 670, 102, 79.31, 99.3416, 0, 92.08, 3),
(517, 120192594, 128329572, 'trikz_cyrus', 55.0868, 33, 0, 1611477600, 1611477600, 85, 20, 46.93, 8.03483, 2, 100, 7),
(518, 128329572, 120192594, 'trikz_eonia', 367.718, 392, 0, 1611478178, 1611479393, 946, 47, 83.59, 174.515, 0, 95.08, 4),
(519, 128329572, 120192594, 'trikz_eonia', 7.50008, 3, 0, 1611478280, 1611480741, 17, 1, 46.77, 14.0949, 2, 75, 5),
(520, 128329572, 120192594, 'trikz_adventure', 1384.62, 1167, 0, 1611482298, 1611482298, 2222, 166, 75.16, 113.006, 0, 91.9, 3),
(521, 120192594, 101384907, 'trikz_adventure', 1827.65, 1125, 0, 1611487241, 1611487241, 1977, 262, 76.6, 85.6129, 0, 93.11, 1),
(522, 120192594, 1063610467, 'trikz_cyrus', 359.299, 264, 0, 1611843054, 1611843054, 497, 69, 75.94, 135.766, 0, 92.65, 2),
(523, 179520052, 120192594, 'trikz_cyrus', 341.102, 239, 0, 1611844375, 1611844375, 540, 93, 82.94, 143.009, 0, 88.13, 3),
(524, 120192594, 179520052, 'trikz_cyrus', 28.3806, 12, 0, 1611844448, 1611844927, 49, 13, 61.68, 15.5956, 2, 100, 7),
(525, 118899, 120192594, 'trikz_eonia', 5.61003, 1, 0, 1612377126, 1612377396, 8, 0, 42.39, 18.8435, 2, 100, 2),
(526, 146118177, 120192594, 'trikz_eonia', 442.24, 474, 0, 1612876200, 1613421773, 978, 65, 83.32, 145.107, 0, 85.01, 3),
(527, 146118177, 120192594, 'trikz_eonia', 8.07009, 3, 0, 1612876267, 1613421832, 14, 1, 48.9, 13.0993, 2, 100, 2),
(529, 120192594, 146118177, 'trikz_advanced', 564.259, 608, 0, 1612907492, 1612907492, 1231, 105, 81.16, 105.513, 0, 74, 2),
(530, 409638150, 409638150, 'trikz_cyrus', 45.1984, 64, 0, 1613057343, 1613057343, 54, 0, 93.98, 4.65021, 4, 100, 1),
(531, 146118177, 120192594, 'trikz_learn_hard', 177.352, 221, 0, 1613252773, 1613253175, 433, 34, 87.98, 86.8235, 0, 76.48, 3),
(532, 371538929, 1158226049, 'trikz_learn_hard', 1046.2, 705, 0, 1613255777, 1613255777, 1217, 203, 63.94, 14.7183, 0, 90.11, 1),
(533, 146118177, 146118177, 'trikz_aportal', 20.9604, 26, 0, 1613405885, 1613405970, 34, 0, 86.61, 16.5444, 4, 76.47, 4),
(534, 371538929, 1158226049, 'trikz_tintin', 2699.98, 1812, 0, 1613585969, 1613585969, 3121, 492, 74.5, 26.6382, 0, 92.66, 1),
(535, 1158226049, 1158226049, 'trikz_cyrus', 19.6304, 29, 0, 1613935030, 1613935030, 25, 0, 96.83, 10.707, 4, 91.66, 1),
(536, 120192594, 146118177, 'trikz_cyrus', 24.0705, 10, 0, 1614102751, 1614776580, 53, 6, 57.4, 18.3882, 2, 100, 11),
(537, 215744079, 180930334, 'trikz_cyrus', 2663.98, 1765, 0, 1614117134, 1614117134, 3169, 921, 81, 18.3111, 0, 94.25, 1),
(538, 120192594, 101384907, 'trikz_cyrus', 521.107, 341, 1, 1614779322, 1614779322, 950, 87, 74.99, 239.978, 0, 98.49, 1),
(539, 120192594, 101384907, 'trikz_greg', 582.287, 472, 0, 1614780043, 1614780043, 854, 88, 83.03, 117.665, 0, 80.38, 1),
(540, 101384907, 120192594, 'trikz_eonia', 375.545, 400, 0, 1614780491, 1614780491, 845, 41, 84.73, 170.877, 0, 96.85, 1),
(541, 101384907, 120192594, 'trikz_eonia', 11.0002, 5, 0, 1614780555, 1614780555, 9, 3, 62.05, 9.6101, 2, 100, 1),
(542, 101384907, 120192594, 'trikz_devision', 526.272, 405, 0, 1614781206, 1614781206, 944, 127, 79.29, 130.392, 0, 83.78, 1),
(543, 120192594, 101384907, 'trikz_go', 366.356, 362, 0, 1614781623, 1614781623, 773, 62, 81.35, 168.594, 0, 95.04, 1),
(544, 101384907, 120192594, 'trikz_forfun', 438.877, 374, 0, 1614782228, 1614782228, 775, 73, 82.13, 94.4395, 0, 84.13, 1),
(545, 120192594, 101384907, 'trikz_forfun', 73.3773, 54, 0, 1614782310, 1614782310, 94, 14, 75.89, 19.973, 2, 75, 0),
(546, 120192594, 101384907, 'trikz_minecraft', 666.949, 580, 0, 1614783082, 1614783082, 1255, 92, 77.78, 78.0852, 0, 78.65, 2),
(547, 120192594, 146118177, 'trikz_minecraft', 370.18, 386, 0, 1614788086, 1614788086, 823, 60, 82.09, 140.685, 0, 74.57, 1),
(548, 146118177, 120192594, 'trikz_adventure', 1254.4, 1159, 0, 1619546337, 1619546337, 1862, 148, 80.14, 124.737, 0, 81.67, 1);

-- --------------------------------------------------------

--
-- Структура таблицы `users`
--

CREATE TABLE `users` (
  `auth` int(11) NOT NULL,
  `name` varchar(32) DEFAULT NULL,
  `ip` int(11) DEFAULT NULL,
  `firstlogin` int(11) NOT NULL DEFAULT -1,
  `lastlogin` int(11) NOT NULL DEFAULT -1,
  `points` float NOT NULL DEFAULT 0
) ENGINE=InnoDB DEFAULT CHARSET=utf8mb4;

--
-- Дамп данных таблицы `users`
--

INSERT INTO `users` (`auth`, `name`, `ip`, `firstlogin`, `lastlogin`, `points`) VALUES
(52811, 'Девотька-какетка', 622167331, 1596815074, 1597576086, 59.2634),
(118899, 'rumour', -1130968760, 1607280248, 1612378372, 1244.82),
(124065, 'dNk.', 1408607240, 1610475702, 1610477268, 265.721),
(547501, 'weqeqeqeq', 1519033877, 1601185068, 1601185330, 0),
(714188, '[Cibergon] Sithkronos', 1344150462, 1596209932, 1596209932, 0),
(955440, '• dstReet', 1467728807, 1589048848, 1589048848, 0),
(1224742, 'Tequila', 1435252915, 1598938185, 1601480155, 36.5714),
(1397403, 'ConnorG', 1451860320, 1600391209, 1600392083, 0),
(1882138, 'vverceurtolyyansï', 1840795303, 1614095603, 1614097387, 0),
(1997487, 'Erasus', 1312685242, 1606062796, 1606062796, 0),
(2683377, 'frone', -1187909111, 1601728925, 1601819319, 0),
(3683194, 'delfin', 46900120, 1588791092, 1588791092, 0),
(5394866, 'frankie', -1179584944, 1601156334, 1601156334, 0),
(7831669, 'sadw', 37315186, 1601899190, 1610132580, 135.27),
(8249409, 'GeT_LeFT ☠', 1766299607, 1591119830, 1591120653, 0),
(9677539, 'Drakoz', -730819342, 1607696034, 1607699782, 950.816),
(10510727, '^__^', 833631550, 1609608248, 1609608248, 0),
(10671076, 'gol-ton', -1304862188, 1599243559, 1614111267, 54.5656),
(10952278, 'MingeBag', 1373964508, 1600443493, 1600443493, 0),
(11053922, '^Kamikazi^', -1179856306, 1606606532, 1606606532, 0),
(11938218, 'My_Name_Is_Jeff', 1312968815, 1600790784, 1600790784, 0),
(11984613, 'ammun kovaa päähän', 1578557565, 1599161771, 1599161829, 0),
(12039253, 'Blaze*', 40159100, 1591210653, 1591210653, 0),
(12079251, 'Skylex1406', 1579062747, 1591212052, 1591212052, 0),
(12155943, 'q3simpson', 1409130717, 1607452082, 1607452082, 0),
(12298050, '󠀡aaaaa', 778939637, 1587482470, 1612878022, 32.1763),
(12842732, 'Mirek', 1497378519, 1587491816, 1587491816, 0),
(12842873, 'mastablasta', 1490956289, 1590473319, 1590473319, 0),
(14622106, 'ryan', 1362656535, 1608902809, 1609602235, 5.15445),
(14744499, 'festive zoomtre', 1592922394, 1602184878, 1609153973, 921.058),
(15078213, 'DraG', 1411905458, 1587588875, 1587592689, 0),
(17321415, 'Bambi', 1482311192, 1595764529, 1595764529, 0),
(17978759, 'Sokol', -735956913, 1590876415, 1590876415, 0),
(18400758, 'Ayé', 1338773548, 1592522397, 1592873534, 0),
(18496618, 'Нурик', 627274362, 1611065274, 1613572525, 0),
(19988019, 'Shiri', -1179584922, 1588423223, 1588423223, 0),
(20451672, 'Infaxx', 1604361612, 1592213643, 1592213643, 0),
(23645893, 'BOPTiXOHT', 634702609, 1601822675, 1601822675, 0),
(23971362, 'Rokko', 1597479534, 1600191693, 1600249821, 0),
(25302656, 'Miesnieks', -728858825, 1597434299, 1597434299, 0),
(26660300, 'aNDRUSHKA', -704912303, 1603138539, 1609537349, 71.1707),
(27191193, 'jopania', 1311104591, 1605968228, 1605968228, 0),
(27196645, 'Analdin', 1425167123, 1591813986, 1591813985, 0),
(27988855, 'sNap', 1294375978, 1602586791, 1602586791, 0),
(28168525, 'Kissen', 1346802388, 1596200858, 1596205017, 0),
(29425505, '-=FSB=- | BOBKA', -1292084790, 1605376960, 1605376960, 0),
(29756985, 'hufff', 38170058, 1596200928, 1596205018, 0),
(30036973, 'Уважаемый', 1371959654, 1604845424, 1607097050, 0),
(31937228, 'Shuvaloff', -2143027178, 1594397236, 1594397236, 0),
(33128695, 'Ins', 634703393, 1590772899, 1599236952, 19.8269),
(34040351, 'lol999(noob)', 774366746, 1603212007, 1603212765, 0),
(34103790, '!борзый', 1588939128, 1593188910, 1611314721, 897.825),
(34267309, 'Hilbuy - Kakarot <3', -1823596901, 1600353533, 1601732560, 68.7333),
(34345025, 'ПОНКА', -2142707107, 1594397227, 1594397227, 0),
(35796352, 'scooby', 1318734089, 1606145793, 1606145793, 0),
(36876387, 'k0nfig', 1449693808, 1588004823, 1588004823, 0),
(36913649, 'Dank', 1346270522, 1607090636, 1607266666, 0),
(38371708, 'rf080417', 1531140802, 1588939973, 1588947764, 0),
(39070702, 'NÉMETH SZILÁRD', 1348713398, 1592752341, 1592752341, 0),
(39964608, 'Julian.S cs.money', -1184166041, 1602846790, 1602846790, 0),
(40226660, 'mamkin frashman`!', 93236104, 1614341137, 1614341383, 0),
(40928559, 'AM', 1524056039, 1602705706, 1602705706, 0),
(41217631, 'SAV1TAR', 1835645379, 1614534775, 1614534775, 0),
(41330187, 'Yuki tan', 1442848954, 1606050355, 1606051530, 0),
(41347640, '\'\'Hardcore', 1312797069, 1603215663, 1603215848, 0),
(41381264, 'Pehmie', 1831400322, 1588009354, 1588009354, 0),
(41525903, 'Baunator', -2142738547, 1599075054, 1599075054, 0),
(42689372, 'ino\'X EL PATRONE', -1332610545, 1604963690, 1604963690, 0),
(43382716, 'sat', 1312397789, 1607807217, 1607807477, 0),
(44159934, '609✿', 42419187, 1587492430, 1613568689, 0),
(45024266, 'D@Nt!$t', -1124878454, 1606343028, 1606343028, 0),
(45240262, '5 more minutes', 49488507, 1609622368, 1611402366, 0),
(45474607, 'Evan', 1346567477, 1601823443, 1601823443, 0),
(45478169, 'QueefBurglar', 627117633, 1614123626, 1614123626, 0),
(45778716, 'Vanka', -1033251836, 1597158976, 1597158976, 0),
(46441278, 'Kidibul', -1920478478, 1595773193, 1595773483, 0),
(46904187, 'logoyt', -644829268, 1590431203, 1590431203, 0),
(47859565, 'patato', 1841236743, 1599504308, 1602679095, 0),
(47954488, 'TrikzMe', 1391715754, 1591457668, 1610571675, 0),
(48213979, 'NOGGER', 1409217455, 1605130010, 1605130010, 0),
(48310099, 'oTTen', 1339108984, 1591119858, 1591870139, 0),
(48318360, 'Pikachu :3 :3', 1508878775, 1587913790, 1587919291, 0),
(49381594, 'WHITE', 1437519003, 1602784762, 1602873468, 0),
(49621117, 'Peggen', 1295352561, 1601555865, 1601555865, 0),
(50176997, 'main', 1834880639, 1609693953, 1609693953, 0),
(50892943, 'x98658', 1914321549, 1606191465, 1606191465, 0),
(52662532, 'Хомяк', 634132461, 1588969346, 1589036101, 46.787),
(52766547, 'Leslie Knope', -1184773726, 1590431179, 1590431179, 0),
(53596934, 'Etencore', -1036661475, 1589481763, 1589481883, 0),
(54269040, 'Ultra Instinct', 1292397598, 1602952445, 1603217153, 0),
(54402864, 'krenq\'', 628207672, 1589234214, 1589234213, 0),
(56383849, '๖ۣۜǾɱ®iy๖ۜ123™.', 1337360589, 1591207366, 1591207366, 0),
(57112057, 'McBassgun', 1486227219, 1603053623, 1603053623, 0),
(57113001, 'TORI', 1486227219, 1603053645, 1603053645, 0),
(57296073, 'JANKA', -644668606, 1587489667, 1587489667, 0),
(57622204, 'Fontanellen', 1545808333, 1596200870, 1596205018, 0),
(57670280, 'Appocalipse', 1388403665, 1605896987, 1605896987, 0),
(57991755, 'Cepumiņš', 1348029501, 1588765525, 1588765525, 0),
(58075991, 'LOn', 1293843429, 1599953086, 1613250654, 1469.14),
(58095712, 'Lightningblade', 1439404176, 1591216509, 1591217549, 0),
(58119465, 'pop smoke', 628854021, 1607026352, 1607026352, 0),
(58132658, 'ГАНГСТЕР', 1595522461, 1607227008, 1607227008, 0),
(59256633, '♦Simse♦', 40372989, 1607090024, 1607266665, 0),
(59570034, 'ELDIABLO', 1538339826, 1595773283, 1595773380, 0),
(59676983, 'Cyberman213', 1425403024, 1603138942, 1603138942, 0),
(59929468, 'Hasan Karabaca Jr.', 1484277862, 1606603401, 1606603401, 0),
(60346366, 'nyu', -1131934253, 1609524604, 1609886552, 1007.6),
(61148119, 'FL3PPY', 1347470114, 1587596794, 1605995308, 162.087),
(61373915, '_Sn[ A ]ke', 1559568368, 1607698510, 1607698510, 9.02053),
(61986977, 'Konsractur Jorj', 1337202342, 1598291519, 1598295048, 0),
(62008739, 'Torres Y', 1312558623, 1593965640, 1593965640, 0),
(62392751, 'XxX_BananaPOWER_XxX', 1587451881, 1602871139, 1602871275, 0),
(62506181, 'Тренировочный ма', -1129688312, 1605035759, 1606502270, 0),
(62884428, 'QinZ', 1560248534, 1598087104, 1598088023, 0),
(62923455, 'niko', -1187668883, 1607044322, 1607044322, 0),
(63092911, 'Samenerguss', 1573934271, 1601224631, 1601224631, 0),
(63483618, 'ReMONTER', 1049927003, 1602682500, 1602682500, 0),
(63873474, 'xal', 1408487724, 1599244927, 1599244927, 0),
(64248487, 'Abu Kayan', 871041052, 1603089348, 1603089348, 0),
(64558325, 'lasseflekker', 1431366579, 1591883284, 1591883283, 0),
(65930245, 'Simplex', 1421361002, 1606403510, 1606403510, 0),
(66384370, 'olga', -1307287585, 1591387093, 1591387093, 0),
(66931215, 'Yuuki', -1299647684, 1602927087, 1606573468, 22.4463),
(67230908, 'no koJIna4ky?', -1021562345, 1611842297, 1613568820, 0),
(67558673, 'sCar.', -2132092159, 1601843159, 1603064110, 0),
(68027820, 'capt.n4', 1464292180, 1598291544, 1598295048, 0),
(68052501, 'ᴸˢ alex', 1425622443, 1607692000, 1607693144, 154.872),
(69337137, 'Danka', 1312316612, 1587559092, 1587559092, 0),
(69803685, 'c.buttery', 1443639879, 1606333349, 1606333349, 0),
(70211067, 'bobas', 1486654168, 1606405908, 1606405908, 0),
(71152866, 'MEGA TROSA', 1373771986, 1592523850, 1592523850, 0),
(72282852, 'solniwko', 1389392619, 1590755375, 1590755374, 0),
(72307069, 'PyOteX', 1427530277, 1591544287, 1591544287, 0),
(72803222, 'PersikaS', 1445364233, 1605296607, 1605296607, 0),
(72822369, 'Kontal', 774838997, 1599510650, 1599510823, 0),
(73267263, 'TorT1K', 1049927056, 1587596538, 1599437968, 0),
(74500532, 'Prishnav', 1525106063, 1602490714, 1602490714, 0),
(74581488, 'EnotPenetrator', 784091506, 1599765283, 1599765283, 0),
(74718655, '.RETRO.', 1312417811, 1601827060, 1601827146, 0),
(75115492, 'sCreature', 401812581, 1587584868, 1587671204, 22.9871),
(75212740, 'prod3vice', 1469482461, 1587657174, 1587657174, 0),
(75234381, 'Butters', 1528950692, 1604944443, 1604944443, 0),
(75234498, 'Stiná!<3', -1071217429, 1592050179, 1592051987, 0),
(75487882, 'Qualli', 1599791435, 1603217236, 1603217236, 0),
(75851208, 'hacke[R] //', 1541319039, 1588084609, 1588084609, 0),
(77029426, 'КОРАБЛИК ЛЮБВИ', 1348028460, 1587607543, 1613577181, 0),
(77205727, '0x00000ED', -1133214694, 1590241927, 1590241927, 0),
(77647220, 'msn blaz FDP', 1323490866, 1605045701, 1606081370, 12.0061),
(77893865, 'extremix', 1336676449, 1587490139, 1619256824, 126.794),
(78826492, '$==SAhOK==$[Sg]', 1294472507, 1600254179, 1605804985, 197.745),
(79181996, 'cko√', -1334777882, 1589234121, 1589234121, 0),
(80497421, 'Niarko', 1497368094, 1591901193, 1591990428, 0),
(81460007, 'seven_deagle(:onli:)', 1600719554, 1588400677, 1588400677, 0),
(82121459, 'Xaiterok', 1600846571, 1605035765, 1606502271, 0),
(82148442, 'Revolucioner 886', 1348030277, 1596358582, 1602263195, 0),
(82277228, 'Arap', 1845261021, 1599237807, 1606997148, 301.163),
(82789105, 'noAim| Albo', 1530152311, 1601554844, 1613568108, 2426.98),
(83111642, 'memember', 1486068147, 1590772837, 1607018040, 512.606),
(84531681, '★.:๖KoDiaK๖™®:.★', 1409443437, 1588777972, 1588777972, 0),
(84709237, 'relyT eht rotaerC', 1353154372, 1597581850, 1597581850, 0),
(85239139, 'two', 1575839039, 1596620361, 1596620361, 0),
(85254261, 'F3Mka ><', 1538868081, 1615118199, 1615400502, 0),
(85479840, '-1', -1, -1, -1, 0),
(86479588, 'alone(:', 1583868493, 1615050607, 1615051620, 0),
(86855573, '218', 787627742, 1600465988, 1600466377, 0),
(87087263, 'K0MP0T1K', 622264869, 1592403751, 1594364641, 0),
(87562979, 'poly1305', -788119410, 1602477168, 1607220780, 0),
(88654341, 'elfinorka', 1359301667, 1603212415, 1603212765, 0),
(89001873, 'Хороший', -1012861284, 1609606036, 1615550783, 0),
(89386790, 'sleep', 1314174607, 1606050297, 1606050297, 4.79445),
(89940337, 'Jazzy', -731749486, 1602960845, 1602960845, 0),
(90626675, 'VIC70R', -1294214597, 1588084524, 1609779969, 0),
(91328972, 'circle', -1845556603, 1591185336, 1591185336, 0),
(91406230, 'DBC', 1421309025, 1601670799, 1601671366, 0),
(91951433, 'TW1NGO 😸', 1432335042, 1603138238, 1603141960, 0),
(92720006, '\"Grand Porosto\"', 1296763473, 1602784771, 1602873473, 0),
(93890948, 'JJETZZE', 1299677780, 1605346978, 1605346978, 0),
(96357182, 'Flepz', 1438618922, 1591450367, 1601671712, 0),
(96441307, 'Mickey', -1300689925, 1607186371, 1607186370, 0),
(96906154, 'soocka_forever', 1312293760, 1601309629, 1601390897, 0),
(98147070, 'AnderseNN', -1184039372, 1613229623, 1613229623, 0),
(98961731, 'Mauyer', 1566838579, 1600289344, 1600292915, 0),
(100000276, 'Luck', 1844477754, 1591869060, 1591869060, 0),
(100360428, 'WOoDYARA', 1571489679, 1590008027, 1590008027, 0),
(100738426, 'kevo.', -1298463491, 1600254124, 1605804939, 79.3404),
(100979974, 'ТАЛИСМАН [ШАНХАЙ]', 1605599014, 1602652013, 1602652735, 0),
(101384907, 'mTi', 1434865793, 1598804969, 1614782393, 2374.36),
(101459119, 'nakoruru', 84949120, 1594238105, 1594240735, 0),
(101673369, 'Lil\' terrorrist  مهدی', -1139208522, 1590682964, 1590682964, 0),
(102354585, 'Senk', -1027728633, 1612908718, 1612908718, 0),
(102619451, 'Vincenzo', -1331135220, 1604963738, 1604963738, 0),
(102990242, 'Sahbe', 1586586636, 1600897514, 1600897513, 0),
(104134400, 'Void', 1349694648, 1587915497, 1588282169, 0),
(104150345, 'daniel', -1277687501, 1610129789, 1610129789, 0),
(105104506, 'Alibaba', -1036080874, 1606058660, 1607701879, 59.8019),
(106057092, 'eb', -1632717550, 1597338910, 1597338909, 0),
(106330530, 'SeFFa', 1542817003, 1606062238, 1606065560, 0),
(106675995, 'danny', 1312680015, 1599946882, 1599946881, 0),
(106982187, 'The Doctor.', -1293963619, 1592219351, 1592219351, 0),
(107457086, 'nox.', -647267031, 1612454053, 1619706709, 0),
(108166926, 'Miksserv vol.2', -1175906295, 1611065216, 1611065216, 0),
(108710745, 'micka13800', 1842527444, 1601564831, 1601564830, 0),
(109983439, '芙兰酱', 454159702, 1589031541, 1589031540, 0),
(110077625, 'Nightwish ♥', 1606362143, 1606551694, 1606551694, 0),
(110997047, 'Nhosneruh', -1045093658, 1611493974, 1611841974, 0),
(111506148, 'Крюкер', -1300243109, 1601810114, 1601811836, 0),
(112717252, 'Texas581', -1293244778, 1598766564, 1598766564, 0),
(113957624, 'ZuRix', 1397258846, 1600897565, 1601482524, 0),
(114020052, 'Niagami', 628136291, 1602871223, 1602871275, 0),
(115522254, 'Green', 1314137120, 1600006380, 1607441182, 0),
(115997377, 'ЧЁРНАЯ ГРЯЗЬ', 528924508, 1607801485, 1607801485, 0),
(117527308, '๖CnR', 1837641329, 1605063530, 1605067241, 23.5422),
(118867936, 'Miro', 1500904243, 1588866429, 1588866429, 0),
(119247508, 'Hanbc12 밷밷', -1227180223, 1592086429, 1592086429, 0),
(119334242, 'xanaxas', 1439601286, 1587838275, 1587838275, 0),
(119414284, 'KjeldFanger', 1047246664, 1587649850, 1595509428, 182.545),
(119826909, 'Parad*ice', 634858201, 1601416866, 1609685978, 382.558),
(120158432, '-=Me}{@ni{=-', 1841661722, 1590472471, 1590472471, 0),
(120192594, 'Smesh', 1314175096, 1587482290, 1619624248, 8881.23),
(121537896, 'Noal', 634664904, 1606650427, 1607007637, 0),
(122231686, 'FRIVOLITY❥❣♥❤', 1402283275, 1590008047, 1590008047, 0),
(124565371, 'BaHeK', 1598260301, 1605892030, 1605892030, 0),
(125913284, 'zanderforever', -1180672937, 1598275588, 1598275588, 0),
(128329572, '2b or not 2b', 1389465420, 1611405544, 1611480888, 403.888),
(129806161, 'bazuka', 1312699486, 1601646814, 1601648144, 0),
(130800776, 'adast', 755817686, 1594156202, 1594156202, 0),
(130935236, 'Argus', -1185745167, 1601810133, 1601810133, 0),
(131849200, '^×Mr_kотik×^', 1841004576, 1609606068, 1609606068, 0),
(135236385, '[⇀‸↼‶]', 1843545033, 1588419228, 1607803533, 17.622),
(135542076, 'NOT-FAT-just-fluffy', 1353144129, 1603059195, 1603059195, 0),
(136712009, 'bomjara_major', 634652260, 1606059992, 1606059992, 0),
(139472501, 'cutie pie', 763574602, 1598626270, 1598626270, 0),
(141328592, 'Fadday', 1597422041, 1602932618, 1602959626, 0),
(143339685, '28', 1497385796, 1595200234, 1595200234, 0),
(145178834, 'blendique', 39625078, 1600465907, 1600466375, 0),
(145610720, 'Pudding', -1052388110, 1602686418, 1605998076, 34.847),
(146101844, 'Who?', -1124980508, 1610112651, 1613232701, 0),
(146118177, 'Mati', 1365857892, 1602872401, 1619549356, 1630.41),
(147132064, 'nlip', 1474441170, 1607106688, 1607106936, 0),
(147263235, 'Waffelka', 787615574, 1610112657, 1610112657, 0),
(149448658, 'unnamed', 1293815041, 1598087296, 1600693596, 0),
(149464429, 'Ƨk4cik ?TDG', 1308411102, 1598815343, 1598815343, 0),
(149944254, 'Undercover Cop', 1413699836, 1598219580, 1598219579, 0),
(152772708, 'Temple Of The Dušan', -1187832786, 1602335934, 1602335934, 0),
(152937262, 'gucci', 1651407271, 1587665873, 1591226741, 628.834),
(153576258, 'Koon', 622197742, 1597586929, 1609160502, 50.1503),
(155152223, 'noop', 1542986370, 1604869420, 1604869420, 0),
(156370518, 'ytg|( ._.)♥', 529845543, 1587820276, 1594843707, 18.7666),
(157048660, 'PufPaf', 1357463549, 1609852705, 1610293342, 154.982),
(158325191, '$PaRkOuR$', 1371988747, 1589316367, 1589316366, 0),
(158506072, '.natuel', 1306420648, 1606801278, 1606801278, 0),
(160539706, 'Disappointed.', 1373822262, 1591876726, 1591881905, 107.699),
(161202412, 'AliyZ', 40458066, 1603014093, 1603041225, 0),
(167164840, 'Gambling', -1124915260, 1590431175, 1591555584, 12.1538),
(169370278, '.Peaky', 521378189, 1592872219, 1592873660, 0),
(170352963, 'Bob', -1340656644, 1587486020, 1600690360, 913.796),
(171447618, 'rASpizdos™', 634861458, 1596900311, 1596900311, 0),
(171663478, 'Shmakovodka', 94750036, 1596815117, 1606999962, 142.869),
(171943574, 'fakim', 1566838046, 1600289486, 1600292378, 0),
(172609992, 'Emmer', 1832567697, 1614195866, 1614195865, 0),
(172634980, 'BOT MD', 1551052975, 1601663329, 1602342946, 433.647),
(174367921, 'Zn.', 1340433089, 1591544226, 1591544226, 0),
(176094412, 'Z3NT1NEL', -1124638053, 1602871476, 1602871476, 0),
(176668120, 'Klyukva', -1295189314, 1615479614, 1615479613, 0),
(177982803, 'frostleaf', -1297302477, 1601808303, 1601808303, 0),
(179520052, '7up', 634850674, 1603142255, 1611843996, 221.071),
(180080834, 'muñaño', 1834519007, 1590588582, 1611482002, 214.734),
(180876339, 'haughty', 786720337, 1596892919, 1602885150, 163.834),
(180930334, 'VerMon', 521740034, 1597354639, 1614114215, 18.3111),
(181317096, 'кошачий комплекс', 521740034, 1596392636, 1603126496, 0),
(181546889, 'Emil', 1313303518, 1600718391, 1600718739, 0),
(181951903, 'mjeza', 1598312045, 1603043187, 1603043186, 0),
(184012557, 'fag asf', 37613428, 1606781843, 1606783260, 0),
(185554338, 'untchble!', 622680291, 1615552332, 1615552332, 0),
(189935203, 'сиська', 85129506, 1606999617, 1607106651, 42.7372),
(191441958, 'merfy', 1572335817, 1590587414, 1590587414, 0),
(191774203, 'r0yce', 867165212, 1602343642, 1605998241, 0),
(196828614, '★TBo9 cMepTb(◕‿◕)', 98812654, 1587843104, 1587843198, 0),
(197368528, 'あかろ(Akaró)', 85129237, 1587592660, 1587593873, 0),
(200464085, 'Yunior', 1604444146, 1587588910, 1587592689, 0),
(201645385, '3abod dj', 89268269, 1607695238, 1610641128, 73.4463),
(205505279, 'B1B0', 1550117164, 1607801549, 1607801549, 0),
(207075858, 'h1xzz', 1375972442, 1600391213, 1600392090, 0),
(208440060, 'MERSLEEEY', 96160715, 1603138164, 1603141911, 17.3788),
(208685976, 'kz-olmi', 1844482977, 1600790677, 1600790677, 0),
(211321650, 'Maze', 1598970873, 1591280893, 1600345261, 0),
(212961367, 'sLeight', -1030567106, 1601311893, 1609775058, 1173.71),
(212971754, 'MrCorn', 1353036971, 1602846765, 1602846764, 0),
(213361897, 'Dietrich', 1539961933, 1592849929, 1592850884, 0),
(214192859, 'tele:3', 2043159421, 1609683642, 1611076734, 0),
(215744079, 'Wizard', 1294468080, 1614110794, 1614114310, 18.3111),
(215877054, 't00r', -919319424, 1607886735, 1607886735, 0),
(220362269, 'вася', 39803025, 1593947476, 1593948511, 0),
(220546043, 'Peqz', 1431073363, 1611494034, 1611841976, 0),
(221890299, 'PARRYHOTTEr', -2086369207, 1591218398, 1591262343, 18.9115),
(223853171, 'Fiend', 1845251230, 1602939634, 1602939633, 0),
(224448859, 'dmn', 1443989004, 1607280257, 1607280257, 0),
(224914514, 'Nesquik^-^', 1467301813, 1588315755, 1588315755, 76.9179),
(225294538, 'ričardas.', 1312737769, 1600939685, 1600939685, 0),
(226426786, 'asd', 1599023319, 1596816480, 1606150560, 0),
(229461202, 'LurkBy', -1300688136, 1593771529, 1598700024, 0),
(233154051, 'P!ssos&Pro', 1312757264, 1601830972, 1601831079, 0),
(235001765, 'fLaiR', 1599546801, 1608967950, 1609166411, 0),
(237837687, 'Jeff Whistler', 1845253955, 1609693793, 1609693792, 14.2979),
(240547149, 'pur pur bitch', 1497391827, 1587600658, 1611611976, 0),
(243935328, 'ヅ', 1586586636, 1601146974, 1601482515, 0),
(244191119, 'Konig14', -1128374990, 1592851099, 1592851099, 0),
(245065329, 'avonces', -1329525028, 1609694637, 1609694636, 0),
(247119592, 'Chicago', 1539962748, 1592851684, 1592851684, 0),
(247145000, 'fdp', 1448626536, 1599169460, 1606081271, 0),
(248999573, 'Krivoy_do_usrachky', 1596921569, 1606048557, 1606048557, 0),
(250578609, 'ᴛʜᴇʙᴇsᴛ', 1588963001, 1588086776, 1588086776, 0),
(250588940, 'ouss59', 1437133522, 1599076225, 1599171446, 0),
(250619092, 'Λazurai', 1546011183, 1607617596, 1607617595, 0),
(254281481, 'ada.', 1533335056, 1598535317, 1598535317, 0),
(256239183, '[4:19] He CBoú Akª Feªr', 634663327, 1591958139, 1606635729, 0),
(262324852, 'witam serdecznie', 532066710, 1587555477, 1587555477, 0),
(272735640, 'Pelmeshka', -1054815658, 1607002494, 1607005298, 57.6335),
(273271044, 'kiégtemaloltól', 1370949991, 1596842173, 1596842173, 0),
(273280516, '₮αй₮оβый', -730069477, 1602952094, 1602952213, 0),
(278036516, 'Skurwiel', -1300688618, 1607617557, 1607617557, 0),
(279329004, 'Diaz', 1312480311, 1598978869, 1598978869, 0),
(280199538, 'pixzor', 1370606381, 1610132537, 1610132582, 0),
(282540226, '[CZ] Popici The Pro', 1566151351, 1602932572, 1602932572, 0),
(283752158, 'keklol:)', -2142536676, 1593947462, 1593948479, 0),
(288833402, 'XLebyLLIeK', 1598611388, 1615402617, 1615402617, 0),
(290206458, 'koffe', 1593803014, 1600718398, 1600718740, 0),
(292747005, 'santi.casa', 1555746136, 1599126969, 1599126969, 0),
(294478773, 'kolobok_by_oshmayni', 634673183, 1591031210, 1591086974, 0),
(296699863, 'Riflex', 531350817, 1601728887, 1602523817, 8.21574),
(297064039, 'xota6', -1300661546, 1596715449, 1596715449, 0),
(297430955, 'Вован Вафел', -1047617757, 1592850103, 1592850885, 0),
(297803017, 'Insolence', 94724569, 1609754430, 1609754631, 0),
(298263143, 'kacer', 1535072268, 1600403603, 1600403603, 0),
(298307276, 'Gover', 628208696, 1591110622, 1591110621, 0),
(298579597, 'Tony', 1597453867, 1606343034, 1606343034, 0),
(299952341, 'defusya', -1303955706, 1592852869, 1592852869, 0),
(301007537, 'attache', 1574227345, 1599214734, 1599214734, 0),
(301069933, 'mode: trikz', -1423836697, 1605656613, 1609353165, 0),
(302200766, 'Silinz*', 1518674459, 1598219577, 1598219576, 0),
(302762107, 'Naib Sageav Nokhidvocih', 627117633, 1614123536, 1614124345, 0),
(302809282, '\"PREDATOR\"', 1592392493, 1592222816, 1592222816, 0),
(307685963, 'раздватричетыре', -1303886256, 1598086633, 1598088025, 0),
(309008433, 'Сашка 3', 634729781, 1602931129, 1602931624, 0),
(312083795, 'blueeejusJE', 93228064, 1610990588, 1610990588, 0),
(312300815, 'wewe', -1139252455, 1593185972, 1593185972, 0),
(312721770, 'нагибаю грома', -2142576207, 1598291535, 1598542209, 0),
(313170044, 'кабан с носом..ва?', 1840149243, 1596896192, 1609160401, 0),
(313360825, '26', -1334767469, 1605311216, 1605312149, 0),
(314486598, 'Somple', 1312808564, 1588004727, 1588004727, 0),
(316102277, 'LoLi_FriendlyFire', 1546014275, 1607617633, 1607617633, 0),
(317449119, 'vaginachild', -1328119739, 1606489158, 1606489158, 0),
(321913169, 'ronda.cfg', 1389394971, 1606314430, 1606314430, 0),
(322133900, 'MLG-pope-420', 1312304899, 1606482616, 1606482616, 0),
(326666314, '私は死の神 CSGOEmpire.com', 1312640953, 1601646985, 1601648142, 0),
(334205601, 'H3LLHunt', 1377526411, 1587490641, 1587490641, 0),
(337722725, 'СЛИВ ПАПИЧА', 86814239, 1598290720, 1598542223, 0),
(342040307, 'ДВА БИТКОЙНА', -2002132914, 1615667103, 1615667103, 0),
(342519098, 'witchouse', -719812697, 1606781777, 1606783220, 0),
(346817812, '999 bad on 240hz', 1438629163, 1588294588, 1610475171, 250.805),
(347498325, 'Pe[4]eNbKo', 1840055311, 1602939640, 1603048788, 0),
(354216808, 'Depression filled Life', 1234942253, 1590402312, 1590405649, 0),
(355052566, 'bulka', 634765421, 1594395398, 1594397480, 0),
(355500889, 'noti', -2138257451, 1597084939, 1597084960, 110.817),
(356203473, 'Kirigaya', -1300236326, 1595863226, 1595869519, 0),
(358510920, 'АПАСНЫЙ', 528633228, 1602344365, 1602344365, 0),
(358827328, 'GLORY', 531017297, 1591182937, 1591185229, 167.259),
(359581582, 'Twen', 1594653736, 1588398611, 1612378530, 0),
(360939223, 'Bot Jonny', 1502112227, 1591280093, 1591280093, 0),
(370920282, 'Капитошка', -1335048352, 1593901425, 1593901425, 0),
(371538929, 'Кекистан', 1317021029, 1591109317, 1613583162, 1403.09),
(378896325, 'Jean Pistoune', 1537601675, 1606751094, 1606751094, 0),
(382512482, 'Luheim', -1133266760, 1590946343, 1590946489, 0),
(386059728, 'till i die', 85129189, 1594238067, 1594240706, 0),
(387232856, 'xassa', -2142535936, 1601822497, 1602523834, 0),
(389831235, 'KP', -1339280073, 1600445479, 1600540015, 0),
(392083686, 'GG male', 775437985, 1600343854, 1600343854, 0),
(395624653, 'dénch', -1190035358, 1610990593, 1610990887, 0),
(395962693, 'Swampik?1922', 1571944811, 1606062337, 1606065567, 0),
(399185046, 'ic', -1685782036, 1590654803, 1590655030, 0),
(400239834, 'wolf', 1533811485, 1605302408, 1605309376, 0),
(402171975, 'Gospadboxx ♡ 0', -1300748458, 1587559881, 1587559880, 0),
(402942049, 'Braga', 1843859580, 1596898080, 1596898079, 0),
(403481346, 'Ben Solo', -2142523221, 1602940734, 1602940734, 0),
(407555099, 'lust', -1312975584, 1599158214, 1599158214, 0),
(409638150, 'X.apT', 1291897733, 1612903768, 1613057021, 4.65021),
(417006016, 'white kitty', 1427895822, 1591210562, 1609020065, 198.483),
(419620402, 'ㄒяιкєяυ', 89828138, 1604868202, 1604868202, 0),
(426268118, 'gorgut12', 1525002153, 1597216693, 1597216693, 0),
(428776806, 'Helicop7er', -714665901, 1592851864, 1592851864, 0),
(429812245, 'yavgeshka', -1300685055, 1596715333, 1596715333, 0),
(430501884, 'Lacki23', 1299184034, 1602006268, 1602006524, 0),
(432895899, 'DEADPOOL', 531727510, 1606150387, 1606150387, 0),
(434284141, 'BION', 784635277, 1610116976, 1611485133, 0),
(445953816, 'ginetick', 1598603546, 1591894718, 1591894718, 0),
(460862006, 'DeadSurfer  ʕ⊙ᴥ⊙ʔ', 1495283983, 1609087403, 1609479162, 0),
(468741084, 'Shadow', 1484209741, 1594209762, 1594209761, 0),
(485967936, 'Tima_Pugach', -1300749263, 1588186469, 1588186469, 0),
(486991403, 'Tixon', -1334013242, 1602954934, 1602954933, 0),
(490152182, 'YTSans', 1571457109, 1606751501, 1606751501, 0),
(491041379, 'suveran22', 1593805444, 1602000288, 1602000288, 0),
(491523763, 'paulhb09', 1351018517, 1597428829, 1597428829, 0),
(599244977, 'Bacilas', 1312798212, 1601975516, 1601975516, 0),
(837620464, 'm0_6', -1190034619, 1614341074, 1614341407, 0),
(837643816, '2LT<>Logis<>LT3', 1312532801, 1606652754, 1606663865, 0),
(837726822, 'womanhateR', -1295235352, 1606808076, 1606808076, 0),
(837941051, 'ArleyEdgar', 1312805593, 1591183805, 1591183805, 0),
(839661965, '☕Saliba☕', -1021685103, 1591130437, 1591216869, 25.1983),
(840413584, 'SL4V_ELIT3', -1305998085, 1607859310, 1607859310, 0),
(842027984, 'Meki.', 42358321, 1587492533, 1587492721, 0),
(842330204, 'AWPede', -1339135740, 1594216810, 1594216810, 0),
(842384314, 'Pukanchik2.0', 623660926, 1601669016, 1601669016, 0),
(851489408, 'Blufgan', -1133336608, 1591881644, 1606404531, 6046.01),
(854196577, 'nathan.tscherniak', 1424876868, 1602335669, 1602335669, 0),
(855579619, 'come with me if you want to fly', 1598347049, 1593188860, 1607886452, 724.199),
(856694355, 'Moon', -1328238285, 1596315205, 1596377004, 0),
(856702698, 'Mia Saki', 788297945, 1609335795, 1609607999, 83.884),
(858423031, 'Spydurrr', -875656263, 1611479941, 1611480273, 0),
(861588674, 'b0nd_gg', -1015901601, 1591369807, 1591369807, 0),
(861651015, 'kto ya?``', 634855781, 1588036796, 1588036796, 0),
(863800408, 'КранПацан', 94833611, 1592327715, 1592327715, 0),
(865176020, '傳說', 1306434578, 1609754741, 1609754740, 0),
(869330005, 'Catotash', 634861333, 1607283570, 1607283570, 0),
(872265784, 'NotYourKitty', 1404269058, 1607007821, 1607007821, 0),
(873153583, 'sobazon', -1300166360, 1591189024, 1591189024, 0),
(878461379, 'RinaLenz', -1294374925, 1602939680, 1602952213, 0),
(880274832, 'ХДуркаБанниСС\'а', -1300754031, 1591976954, 1591976954, 0),
(880525537, 'dovis', 1312630453, 1611493526, 1611493526, 0),
(880908187, 'harryyy111', 1312430813, 1587492623, 1587492623, 0),
(882896813, 'CombatWombat', -1338043973, 1596842135, 1596842135, 0),
(882992592, 'Balis', 1334175289, 1606844339, 1606844339, 0),
(883004301, '☜ ♚ ₦ Ỉ ₦ ℑ Ѧ ♚', -1300686979, 1607535674, 1607535674, 0),
(883290246, 'Edward Elric', 1542185827, 1593631461, 1607269878, 0),
(883600411, 'PlasticFan', 1312690058, 1592569831, 1601838681, 0),
(883843448, 'Jesus Christ', 1571542764, 1587581186, 1587581186, 0),
(884285235, '𝕯𝖊𝕸𝖔𝕹 csgetto.be', 1484194035, 1605477694, 1605477694, 0),
(884439328, 'djadja', -737951587, 1599071820, 1599078204, 0),
(885022299, 'aic', 1833242742, 1609479149, 1610475901, 266.089),
(885170242, 'ZEVIK', -728871929, 1599758402, 1599758703, 0),
(885749245, 'catex2', 634759705, 1591957396, 1591957527, 0),
(888234955, 'Mr.Pickles', -1300574099, 1591901657, 1591901657, 0),
(888331803, 'makoto', -1300756667, 1605976935, 1605976935, 0),
(888591939, 'Livas', 1596272894, 1601900923, 1601902128, 100.771),
(893438286, 'stupod', 37667081, 1594028807, 1594028806, 0),
(898653298, 'u n i v e r s e', -1845512852, 1601837738, 1601838257, 0),
(899401735, 'Arkii', 1507037491, 1610786860, 1610786859, 0),
(900377920, 'KillerGameYT', -1044218862, 1597423053, 1597423053, 13.4541),
(902134359, 'Shy Der.', -727433163, 1602629362, 1605133877, 0),
(903961330, 'SuhRuh', 1598319397, 1599944651, 1599944651, 0),
(904001170, 'Kish mish', -2142678892, 1587642063, 1587642063, 0),
(904062572, 'SEGA 16 BIT', 634794012, 1612188699, 1612188698, 0),
(905817067, 'iSaku', 1312797193, 1596358714, 1596359330, 0),
(906224306, 'ricardas', 1312766932, 1597236942, 1597236941, 0),
(906874878, 'lvsdn', -1128583163, 1591280822, 1600354073, 186.07),
(907278268, 'SPARTA', -1300743597, 1605976707, 1605976707, 0),
(910130498, 'lukin_85', -1124924119, 1607245811, 1607246008, 0),
(910636442, 'laura.sudeikyte122', 1412903193, 1607551969, 1607551969, 0),
(911523510, 'Z1ss-', 1586268321, 1587846536, 1587846536, 0),
(912115609, '-Ri5e', 783054369, 1587846590, 1587846590, 0),
(914415418, 'NeVeD', -1300686895, 1607617515, 1607617562, 0),
(914521737, 'ЛюляКебаб', -1024301580, 1601054839, 1601054839, 0),
(915069390, 'business_dark', 783080551, 1592250264, 1592250264, 0),
(915178934, '.Wolwerine?', 1598498427, 1602949769, 1602953179, 0),
(915236413, 'mavta', -1189796770, 1609340960, 1609341055, 0),
(918508080, '󠁅󠁭󠁫', 1593075660, 1587644163, 1587644163, 0),
(924454780, 'slak <3', -737949913, 1599071813, 1599078205, 0),
(924461614, 'Franchesko', -1329471893, 1605133144, 1605133872, 0),
(925738748, 'ZERo_on1', 1312772892, 1607214965, 1607214964, 0),
(928024952, 'Dungeon master', -1300747491, 1601669038, 1601669038, 0),
(935123605, 'veyseldogan159', 1492939161, 1607239938, 1607239938, 0),
(949933806, 'eyupcaliskan', 85471648, 1601352294, 1601352294, 0),
(970516597, 'D_O_M_I_N_A_T_O_R', 1402278808, 1598439667, 1598439667, 0),
(988846178, 'Pyro-Mafia', 1533905557, 1597434932, 1597434932, 0),
(991334994, '＄ｅｃｔａｒｉａｎ', 1578741470, 1591097755, 1591097754, 0),
(991838447, 'Nellored', 1439360070, 1597067191, 1597067190, 0),
(992246466, 'Stout', 1845266998, 1615051281, 1615051281, 0),
(1003600825, 'Flodderex', 1542991319, 1604944475, 1604944474, 0),
(1008160139, 'Kermit_Suicide', 96107316, 1594052795, 1594053405, 0),
(1016495198, 'Obito Uchiha', 1834690471, 1597497198, 1597497198, 0),
(1017590120, 'puuoks', 1522468034, 1609535641, 1609626049, 0),
(1019286726, '( ͡° ͜ʖ ͡°)', -1297293835, 1597234167, 1597516203, 0),
(1021213250, 'dqw', -648970339, -1, 1588216232, 0),
(1024984868, 'Syrypik', 1541449239, 1599078753, 1599078752, 0),
(1025294409, 'Hunteex', -1293120354, 1603054967, 1603055436, 0),
(1029073730, '*DrUnKeR*', 1312292939, 1601745483, 1601745483, 0),
(1029926545, 'Cringe XD', 634842657, 1607259884, 1607259883, 0),
(1032384439, 'kupermanas', 634671595, 1592734430, 1592734430, 0),
(1032542367, 'FeatGG', 37661566, 1594028788, 1594028788, 0),
(1033039799, 'zavist\'', 625946475, 1601416947, 1601731641, 18.7575),
(1033687976, 'B U B L I K .::TV::.::24/7::.', 623740512, 1600447989, 1600447989, 0),
(1034335613, '-KaPaTiCh- CS.FAIL', -1300686648, 1602931646, 1602931646, 0),
(1038266438, 'Ёбанутый человек', -1300686882, 1597233619, 1597517496, 0),
(1038540729, '👾Sava👾', -1300498385, 1600196677, 1600196809, 0),
(1039140455, '𝓈𝓂𝑜𝓁𝓎𝒶', 1358518957, 1600805418, 1600805418, 0),
(1040189486, 'Супербомжик666', -1133404622, 1592038289, 1592038289, 0),
(1043733748, 'piK', 1572323846, 1596361175, 1596361175, 0),
(1046838112, 'ignas20193', 1539030961, 1590837145, 1590837144, 0),
(1046843507, 'Pedro', 530830106, 1598358980, 1598358979, 0),
(1046966186, 'Дора просто пушк?', -1300416564, 1595864527, 1595869522, 0),
(1051052493, 'NOOB/Stea𝚖LevelMarket.com', 1432635082, 1599170642, 1599170642, 0),
(1053558207, 'Biguto AHK', 1519012417, 1589203633, 1589206936, 0),
(1054162727, 'kiss from the foot', 1388509130, 1593901501, 1593901501, 0),
(1055201960, 'Gurman', 1570635534, 1588283196, 1607189902, 17.7067),
(1057887294, 'Art3500', -1300683498, 1600285729, 1600285729, 0),
(1060349243, 'ҖẫⱤɭƨⱤɄɧ℮Ɽ Ș©', 1470984900, 1606051924, 1606051924, 0),
(1060762645, '†𝔗𝔢𝔞$𝔢†', 85108924, 1601988716, 1601988716, 0),
(1061287232, 'Devil.J', 1832562806, 1601660696, 1601660696, 0),
(1061809088, 'Averuczekkk(: Key-Drop.com', 528947444, 1606475293, 1606475293, 0),
(1063610467, 'кек', 1421554748, 1591215348, 1611842229, 230.481),
(1064443567, 'henry\'s', 1578807196, 1607435432, 1607435432, 0),
(1067876261, 'veto', -1181161882, 1602416401, 1602416401, 0),
(1068420172, 'PananiX', 1845241301, 1596315123, 1596377018, 0),
(1068766162, 'Delija', 1467265544, -1, 1587486297, 0),
(1076456777, '99846578', 1312568777, 1606112362, 1606112361, 0),
(1081373157, '💜крипер2004', -720029160, 1607269791, 1607272065, 0),
(1083039334, 'G00GLEE222', 1312408775, 1591882756, 1591882755, 0),
(1084346988, 'Miki :D', 1430463472, 1605356972, 1605357663, 0),
(1087496172, '(　-_･) ︻デ 一 ▸', 1492209579, 1602696509, 1602696509, 0),
(1087802237, 'fdremacs', 1533633334, 1605702029, 1605702029, 0),
(1089477537, 'Capitan_Ruslan', 1475831754, 1606112398, 1606112397, 0),
(1092563523, 'NO_NAME', -1133408799, 1592038292, 1592038292, 0),
(1093971919, 'Bubbles', -1131188502, 1603219777, 1603219777, 0),
(1094068701, 'moskalhrbr', 1845264899, 1605877583, 1605877583, 0),
(1099009937, 'aaa', -720042457, 1590826668, 1591881919, 194.564),
(1099177063, 'Hmmmmm RUM & Scotch & Bourbon', 1599859565, 1604841580, 1605910490, 47.4078),
(1100769591, 'SCDXDS', 1518545913, 1597940874, 1597940874, 0),
(1101010950, 'ХИЩНЫЙ ГРИБ', -1303912413, 1607270739, 1607270739, 0),
(1101908589, 'Лунтик A.Y.F', 1412058331, 1594387168, 1594387168, 0),
(1104311983, 'Sl1De', 634862790, 1594045776, 1594045776, 0),
(1108684233, '73.1гр∆дӱҫоɮ', -1334973368, 1598073647, 1619239560, 749.879),
(1109349415, 'luminous', 986758536, 1606011244, 1606011243, 0),
(1110184753, 'лил скис', -1297293835, 1597493737, 1597494627, 0),
(1111461933, 'mathwew', -1121787787, 1605786169, 1605786169, 0),
(1111867649, 'DoGGo', -1336402061, 1598877803, 1598877803, 0),
(1117344809, 'limcitro', 1420652692, 1596042794, 1596042794, 0),
(1126325659, 'mimratimur', 630211465, 1602841038, 1602841038, 0),
(1131217539, 'ASHOTONESHOT', -1329401761, 1612703464, 1615122114, 0),
(1135452566, 'bryancolliette', 1516816712, 1601999511, 1601999511, 0),
(1135546637, 'lebedjonok', 528631333, 1602951402, 1603212128, 0),
(1137083854, '-1', -1, -1, -1, 0),
(1137805337, 'ayyildizferhat147', 1584945895, 1606840547, 1606840547, 0),
(1139095470, 'Megumin', 528789971, 1606502664, 1606502664, 0),
(1145219694, 'Stavricheskaya', 1598612501, 1605877616, 1605877616, 0),
(1147184731, 'sk8_bam_margera_', -1124950343, 1606343045, 1606343045, 0),
(1154514612, 'aiwman330', 1490995803, 1607540150, 1607540150, 0),
(1156070962, 'egidijusfedorovas', 1491029578, 1607621945, 1607621945, 0),
(1158226049, 'Stuntay', -1180359925, 1613254715, 1615058923, 51.1669),
(1175306979, 't0key', -1297293835, 1612632413, 1612632412, 0);

--
-- Индексы сохранённых таблиц
--

--
-- Индексы таблицы `chat`
--
ALTER TABLE `chat`
  ADD PRIMARY KEY (`auth`);

--
-- Индексы таблицы `maptiers`
--
ALTER TABLE `maptiers`
  ADD PRIMARY KEY (`map`);

--
-- Индексы таблицы `mapzones`
--
ALTER TABLE `mapzones`
  ADD PRIMARY KEY (`id`);

--
-- Индексы таблицы `playertimes`
--
ALTER TABLE `playertimes`
  ADD PRIMARY KEY (`id`),
  ADD KEY `map` (`map`,`style`,`track`,`time`),
  ADD KEY `auth` (`auth`,`date`,`points`),
  ADD KEY `time` (`time`),
  ADD KEY `partner` (`partner`);

--
-- Индексы таблицы `users`
--
ALTER TABLE `users`
  ADD PRIMARY KEY (`auth`),
  ADD KEY `points` (`points`),
  ADD KEY `firstlogin` (`firstlogin`),
  ADD KEY `lastlogin` (`lastlogin`);

--
-- AUTO_INCREMENT для сохранённых таблиц
--

--
-- AUTO_INCREMENT для таблицы `mapzones`
--
ALTER TABLE `mapzones`
  MODIFY `id` int(11) NOT NULL AUTO_INCREMENT, AUTO_INCREMENT=410;

--
-- AUTO_INCREMENT для таблицы `playertimes`
--
ALTER TABLE `playertimes`
  MODIFY `id` int(11) NOT NULL AUTO_INCREMENT, AUTO_INCREMENT=549;

--
-- Ограничения внешнего ключа сохраненных таблиц
--

--
-- Ограничения внешнего ключа таблицы `chat`
--
ALTER TABLE `chat`
  ADD CONSTRAINT `ch_auth` FOREIGN KEY (`auth`) REFERENCES `users` (`auth`) ON DELETE CASCADE ON UPDATE CASCADE;

--
-- Ограничения внешнего ключа таблицы `playertimes`
--
ALTER TABLE `playertimes`
  ADD CONSTRAINT `pt_auth` FOREIGN KEY (`auth`) REFERENCES `users` (`auth`) ON DELETE CASCADE ON UPDATE CASCADE;
COMMIT;

/*!40101 SET CHARACTER_SET_CLIENT=@OLD_CHARACTER_SET_CLIENT */;
/*!40101 SET CHARACTER_SET_RESULTS=@OLD_CHARACTER_SET_RESULTS */;
/*!40101 SET COLLATION_CONNECTION=@OLD_COLLATION_CONNECTION */;
